{"stats":{"minecraft:killed_by":{"minecraft:player":1},"minecraft:used":{"minecraft:beetroot":2,"minecraft:water_bucket":5,"minecraft:diamond_pickaxe":2,"minecraft:bread":14,"minecraft:shield":1,"minecraft:torch":5,"minecraft:diamond_sword":87,"minecraft:bow":1,"minecraft:bucket":6,"minecraft:egg":1},"minecraft:dropped":{"minecraft:diamond_sword":2,"irons_spellbooks:affinity_ring":2,"minecraft:wooden_sword":1},"minecraft:killed":{"naturalist:snail":1,"minecraft:skeleton":13,"minecraft:magma_cube":6,"minecraft:husk":1,"minecraft:zombie":1,"irons_spellbooks:summoned_zombie":3},"minecraft:picked_up":{"minecraft:crafting_table":1,"minecraft:jungle_log":1,"irons_spellbooks:affinity_ring":2,"irons_spellbooks:tarnished_helmet":1,"minecraft:diamond_sword":2,"minecraft:filled_map":1,"minecraft:dirt":14,"minecraft:string":2,"minecraft:dark_oak_planks":1,"minecraft:compass":1,"minecraft:bone":13,"minecraft:arrow":15,"minecraft:rotten_flesh":4,"minecraft:slime_ball":1,"irons_spellbooks:arcane_essence":1,"minecraft:wheat_seeds":1,"minecraft:cobblestone":2,"minecraft:egg":1},"minecraft:custom":{"minecraft:time_since_rest":30585,"minecraft:interact_with_furnace":2,"minecraft:sprint_one_cm":175537,"minecraft:damage_taken":717,"minecraft:walk_one_cm":264962,"minecraft:damage_blocked_by_shield":30,"minecraft:mob_kills":26,"minecraft:drop":5,"minecraft:damage_dealt":4164,"minecraft:interact_with_cartography_table":1,"minecraft:interact_with_crafting_table":1,"minecraft:swim_one_cm":17760,"minecraft:talked_to_villager":1,"minecraft:fly_one_cm":169334,"minecraft:open_barrel":8,"minecraft:open_chest":48,"minecraft:crouch_one_cm":1767,"minecraft:play_time":54302,"minecraft:deaths":1,"minecraft:sneak_time":303,"minecraft:walk_under_water_one_cm":853,"minecraft:jump":1146,"minecraft:time_since_death":30537,"minecraft:walk_on_water_one_cm":5724,"minecraft:sleep_in_bed":1,"minecraft:climb_one_cm":17619,"minecraft:total_world_time":54302,"minecraft:fall_one_cm":27894,"minecraft:inspect_dispenser":1},"minecraft:mined":{"minecraft:crafting_table":1,"minecraft:grass":2,"minecraft:jungle_log":1,"minecraft:tall_grass":2,"minecraft:tripwire_hook":1,"minecraft:stone":2,"minecraft:oak_leaves":1,"minecraft:tripwire":1},"minecraft:crafted":{"minecraft:wooden_sword":1,"minecraft:stick":4,"minecraft:torch":20,"minecraft:jungle_planks":4}},"DataVersion":3465}