{"stats":{"minecraft:used":{"minecraft:oak_log":22,"minecraft:leather_leggings":1,"minecraft:stone_sword":8,"minecraft:flint_and_steel":1,"minecraft:lantern":1,"minecraft:bread":4,"minecraft:stone_pickaxe":18,"minecraft:iron_pickaxe":1,"minecraft:green_bed":1,"minecraft:stone_axe":29,"minecraft:crafting_table":1,"minecraft:candle":1,"cataclysm:lionfish":1},"minecraft:dropped":{"minecraft:lantern":3},"minecraft:killed":{"naturalist:dragonfly":1,"cataclysm:lionfish":1},"minecraft:picked_up":{"minecraft:stick":1,"minecraft:crafting_table":2,"minecraft:leather_leggings":1,"minecraft:green_bed":2,"minecraft:oak_log":51,"minecraft:lily_pad":6,"minecraft:blast_furnace":1,"minecraft:lantern":4,"cataclysm:lionfish":1,"minecraft:beetroot_seeds":10,"minecraft:stone_axe":1,"minecraft:candle":2,"minecraft:emerald":1,"minecraft:iron_pickaxe":1,"minecraft:cobblestone":20},"minecraft:custom":{"minecraft:time_since_rest":3905,"minecraft:interact_with_furnace":3,"minecraft:sprint_one_cm":29258,"minecraft:damage_taken":341,"minecraft:walk_one_cm":74578,"minecraft:mob_kills":2,"minecraft:drop":3,"minecraft:damage_dealt":395,"minecraft:interact_with_crafting_table":4,"minecraft:swim_one_cm":9431,"minecraft:talked_to_villager":4,"minecraft:fly_one_cm":31795,"minecraft:open_chest":9,"minecraft:crouch_one_cm":226,"minecraft:play_time":29350,"minecraft:sneak_time":195,"minecraft:walk_under_water_one_cm":15943,"minecraft:boat_one_cm":136529,"minecraft:jump":280,"minecraft:interact_with_blast_furnace":1,"minecraft:time_since_death":29350,"minecraft:walk_on_water_one_cm":15292,"minecraft:sleep_in_bed":2,"minecraft:total_world_time":29350,"minecraft:interact_with_smoker":1,"minecraft:fall_one_cm":5383},"minecraft:mined":{"minecraft:candle_cake":1,"minecraft:candle":1,"minecraft:crafting_table":2,"minecraft:blast_furnace":1,"minecraft:emerald_ore":1,"minecraft:oak_log":49,"minecraft:lantern":1,"minecraft:stone":15,"minecraft:green_bed":2},"minecraft:crafted":{"minecraft:oak_planks":116,"minecraft:stick":4,"minecraft:stone_pickaxe":1,"minecraft:stone_sword":1,"minecraft:flint_and_steel":1}},"DataVersion":3465}