{"stats":{"minecraft:killed_by":{"minecraft:player":1},"minecraft:used":{"minecraft:beetroot":2,"minecraft:water_bucket":14,"minecraft:shield":1,"minecraft:torch":70,"minecraft:diamond_pickaxe":19,"minecraft:bread":28,"minecraft:item_frame":1,"minecraft:diamond_sword":202,"minecraft:bow":24,"minecraft:goat_horn":1,"minecraft:bucket":15,"minecraft:egg":1,"minecraft:experience_bottle":1},"minecraft:dropped":{"minecraft:filled_map":1,"irons_spellbooks:scroll":1,"minecraft:diamond_sword":2,"irons_spellbooks:affinity_ring":2,"minecraft:wooden_sword":1},"minecraft:killed":{"minecraft:magma_cube":6,"minecraft:husk":5,"irons_spellbooks:summoned_zombie":4,"minecraft:spider":1,"irons_spellbooks:necromancer":1,"naturalist:tortoise":1,"naturalist:snail":1,"minecraft:skeleton":20,"minecraft:pillager":2,"minecraft:zombie":23},"minecraft:picked_up":{"irons_spellbooks:scroll":1,"minecraft:wheat":16,"minecraft:crafting_table":1,"minecraft:chainmail_boots":2,"minecraft:water_bucket":2,"minecraft:jungle_log":1,"irons_spellbooks:affinity_ring":4,"irons_spellbooks:tarnished_helmet":1,"minecraft:diamond_sword":4,"minecraft:filled_map":1,"minecraft:enchanted_book":2,"minecraft:diamond_horse_armor":2,"minecraft:shield":2,"minecraft:polished_deepslate_wall":1,"minecraft:polished_deepslate":1,"minecraft:string":3,"minecraft:dirt":14,"minecraft:dark_oak_trapdoor":1,"minecraft:item_frame":1,"irons_spellbooks:common_ink":2,"minecraft:compass":1,"minecraft:experience_bottle":4,"minecraft:bone":107,"minecraft:diamond_leggings":2,"minecraft:bow":3,"irons_spellbooks:arcane_essence":31,"minecraft:wheat_seeds":1,"minecraft:iron_ore":12,"minecraft:egg":1,"minecraft:polished_andesite_stairs":3,"minecraft:torch":247,"minecraft:cake":1,"sophisticatedbackpacks:iron_backpack":3,"minecraft:diorite":1,"minecraft:redstone":128,"minecraft:spider_eye":1,"minecraft:goat_horn":2,"minecraft:dark_oak_planks":1,"minecraft:polished_andesite":7,"minecraft:diamond_chestplate":2,"minecraft:diamond_shovel":2,"minecraft:arrow":129,"minecraft:rotten_flesh":37,"minecraft:slime_ball":1,"minecraft:iron_helmet":2,"minecraft:saddle":4,"minecraft:diamond_axe":2,"minecraft:gold_ingot":10,"minecraft:bread":141,"minecraft:golden_apple":8,"minecraft:coal":6,"minecraft:cobblestone":3,"minecraft:diamond_pickaxe":2},"minecraft:custom":{"minecraft:interact_with_furnace":3,"minecraft:mob_kills":65,"minecraft:interact_with_crafting_table":1,"minecraft:interact_with_cartography_table":1,"minecraft:open_barrel":13,"minecraft:interact_with_grindstone":1,"minecraft:time_since_death":4146,"minecraft:sleep_in_bed":1,"minecraft:climb_one_cm":19895,"minecraft:time_since_rest":4349,"minecraft:sprint_one_cm":257075,"minecraft:damage_taken":1850,"minecraft:walk_one_cm":498355,"minecraft:damage_blocked_by_shield":30,"minecraft:drop":7,"minecraft:damage_dealt":11508,"minecraft:swim_one_cm":28720,"minecraft:talked_to_villager":1,"minecraft:fly_one_cm":227736,"minecraft:open_chest":71,"minecraft:crouch_one_cm":3060,"minecraft:play_time":90302,"minecraft:deaths":3,"minecraft:sneak_time":640,"minecraft:walk_under_water_one_cm":5308,"minecraft:jump":1612,"minecraft:interact_with_blast_furnace":4,"minecraft:walk_on_water_one_cm":14605,"minecraft:total_world_time":90302,"minecraft:fall_one_cm":34247,"minecraft:inspect_dispenser":1},"minecraft:mined":{"minecraft:crafting_table":1,"minecraft:polished_andesite_stairs":3,"minecraft:jungle_log":1,"minecraft:tall_grass":2,"minecraft:diorite":1,"minecraft:spawner":6,"minecraft:dark_oak_trapdoor":1,"minecraft:polished_deepslate":1,"minecraft:grass":3,"minecraft:tripwire_hook":1,"minecraft:stone":2,"minecraft:polished_andesite":4,"minecraft:polished_deepslate_wall":1,"minecraft:oak_leaves":2,"minecraft:tripwire":1},"minecraft:crafted":{"minecraft:wooden_sword":1,"minecraft:jungle_planks":4,"minecraft:stick":20,"minecraft:acacia_planks":8,"minecraft:torch":112}},"DataVersion":3465}