{"stats":{"minecraft:used":{"minecraft:oak_log":22,"minecraft:leather_leggings":1,"minecraft:stone_sword":12,"minecraft:flint_and_steel":1,"minecraft:lantern":1,"minecraft:bread":11,"minecraft:stone_pickaxe":21,"minecraft:iron_pickaxe":66,"minecraft:green_bed":2,"minecraft:stone_axe":31,"minecraft:crafting_table":1,"minecraft:oak_boat":3,"minecraft:granite":2,"minecraft:candle":1,"cataclysm:lionfish":1},"minecraft:dropped":{"minecraft:lantern":3},"minecraft:killed":{"minecraft:skeleton":1,"naturalist:dragonfly":1,"cataclysm:lionfish":1},"minecraft:picked_up":{"minecraft:raw_iron":3,"minecraft:coarse_dirt":10,"minecraft:stick":1,"minecraft:crafting_table":2,"minecraft:leather_leggings":1,"minecraft:green_bed":3,"minecraft:oak_log":51,"minecraft:lily_pad":7,"minecraft:blast_furnace":1,"minecraft:lantern":4,"cataclysm:lionfish":1,"minecraft:arrow":1,"minecraft:beetroot_seeds":10,"minecraft:stone_axe":1,"minecraft:candle":2,"minecraft:granite":6,"minecraft:oak_boat":4,"minecraft:bread":4,"minecraft:emerald":1,"minecraft:iron_pickaxe":1,"minecraft:coal":14,"minecraft:cobblestone":59},"minecraft:custom":{"minecraft:time_since_rest":1465,"minecraft:interact_with_furnace":3,"minecraft:sprint_one_cm":34869,"minecraft:damage_taken":657,"minecraft:walk_one_cm":99131,"minecraft:mob_kills":3,"minecraft:drop":3,"minecraft:damage_dealt":585,"minecraft:interact_with_crafting_table":4,"minecraft:swim_one_cm":24141,"minecraft:talked_to_villager":4,"minecraft:fly_one_cm":39632,"minecraft:open_chest":9,"minecraft:crouch_one_cm":2976,"minecraft:play_time":41350,"minecraft:sneak_time":859,"minecraft:walk_under_water_one_cm":24545,"minecraft:boat_one_cm":136549,"minecraft:jump":516,"minecraft:interact_with_blast_furnace":1,"minecraft:time_since_death":41350,"minecraft:walk_on_water_one_cm":25213,"minecraft:sleep_in_bed":3,"minecraft:total_world_time":41350,"minecraft:interact_with_smoker":1,"minecraft:fall_one_cm":10092},"minecraft:mined":{"minecraft:coarse_dirt":10,"minecraft:candle_cake":1,"minecraft:candle":1,"minecraft:iron_ore":3,"minecraft:crafting_table":2,"minecraft:granite":6,"minecraft:blast_furnace":1,"minecraft:emerald_ore":1,"minecraft:coal_ore":14,"minecraft:oak_log":49,"minecraft:lantern":1,"minecraft:stone":54,"minecraft:green_bed":3},"minecraft:crafted":{"minecraft:oak_planks":116,"minecraft:stick":4,"minecraft:stone_pickaxe":1,"minecraft:stone_sword":1,"minecraft:flint_and_steel":1}},"DataVersion":3465}