{"stats":{"minecraft:used":{"minecraft:oak_log":22,"minecraft:stone_axe":26},"minecraft:picked_up":{"minecraft:oak_log":51,"minecraft:stone_axe":1,"minecraft:cobblestone":2},"minecraft:custom":{"minecraft:jump":36,"minecraft:time_since_rest":5350,"minecraft:sprint_one_cm":1928,"minecraft:play_time":5350,"minecraft:damage_taken":60,"minecraft:time_since_death":5350,"minecraft:walk_one_cm":7540,"minecraft:sneak_time":3,"minecraft:total_world_time":5350,"minecraft:interact_with_crafting_table":1,"minecraft:fall_one_cm":1828,"minecraft:fly_one_cm":1483},"minecraft:mined":{"minecraft:oak_log":49}},"DataVersion":3465}