{"stats":{"minecraft:killed_by":{"minecraft:player":1},"minecraft:used":{"minecraft:beetroot":2,"minecraft:water_bucket":14,"minecraft:shield":1,"minecraft:torch":61,"minecraft:diamond_pickaxe":15,"minecraft:bread":24,"minecraft:diamond_sword":168,"minecraft:bow":17,"minecraft:goat_horn":1,"minecraft:bucket":15,"minecraft:egg":1,"minecraft:experience_bottle":1},"minecraft:dropped":{"minecraft:filled_map":1,"irons_spellbooks:scroll":1,"minecraft:diamond_sword":2,"irons_spellbooks:affinity_ring":2,"minecraft:wooden_sword":1},"minecraft:killed":{"minecraft:magma_cube":6,"minecraft:husk":1,"irons_spellbooks:summoned_zombie":3,"minecraft:spider":1,"naturalist:tortoise":1,"naturalist:snail":1,"minecraft:skeleton":20,"minecraft:pillager":2,"minecraft:zombie":22},"minecraft:picked_up":{"irons_spellbooks:scroll":1,"minecraft:crafting_table":1,"minecraft:jungle_log":1,"irons_spellbooks:affinity_ring":2,"irons_spellbooks:tarnished_helmet":1,"minecraft:diamond_sword":2,"minecraft:filled_map":1,"minecraft:string":3,"minecraft:dirt":14,"minecraft:compass":1,"minecraft:bone":19,"minecraft:bow":1,"irons_spellbooks:arcane_essence":1,"minecraft:wheat_seeds":1,"minecraft:egg":1,"minecraft:polished_andesite_stairs":3,"minecraft:torch":4,"sophisticatedbackpacks:iron_backpack":1,"minecraft:spider_eye":1,"minecraft:dark_oak_planks":1,"minecraft:polished_andesite":7,"minecraft:arrow":41,"minecraft:rotten_flesh":18,"minecraft:slime_ball":1,"minecraft:golden_apple":2,"minecraft:cobblestone":3},"minecraft:custom":{"minecraft:interact_with_furnace":3,"minecraft:mob_kills":58,"minecraft:interact_with_crafting_table":1,"minecraft:interact_with_cartography_table":1,"minecraft:open_barrel":10,"minecraft:interact_with_grindstone":1,"minecraft:time_since_death":54537,"minecraft:sleep_in_bed":1,"minecraft:climb_one_cm":19147,"minecraft:time_since_rest":54585,"minecraft:sprint_one_cm":230495,"minecraft:damage_taken":1094,"minecraft:walk_one_cm":419767,"minecraft:damage_blocked_by_shield":30,"minecraft:drop":7,"minecraft:damage_dealt":9355,"minecraft:swim_one_cm":26441,"minecraft:talked_to_villager":1,"minecraft:fly_one_cm":210170,"minecraft:open_chest":66,"minecraft:crouch_one_cm":2729,"minecraft:play_time":78302,"minecraft:deaths":1,"minecraft:sneak_time":554,"minecraft:walk_under_water_one_cm":5220,"minecraft:jump":1472,"minecraft:walk_on_water_one_cm":14463,"minecraft:total_world_time":78302,"minecraft:fall_one_cm":33351,"minecraft:inspect_dispenser":1},"minecraft:mined":{"minecraft:crafting_table":1,"minecraft:polished_andesite_stairs":3,"minecraft:jungle_log":1,"minecraft:tall_grass":2,"minecraft:spawner":6,"minecraft:grass":2,"minecraft:tripwire_hook":1,"minecraft:stone":2,"minecraft:polished_andesite":4,"minecraft:oak_leaves":2,"minecraft:tripwire":1},"minecraft:crafted":{"minecraft:wooden_sword":1,"minecraft:jungle_planks":4,"minecraft:stick":20,"minecraft:acacia_planks":8,"minecraft:torch":112}},"DataVersion":3465}