{"stats":{"minecraft:killed_by":{"minecraft:player":1},"minecraft:used":{"minecraft:beetroot":2,"minecraft:flint_and_steel":5,"minecraft:shield":2,"minecraft:iron_sword":3,"minecraft:torch":74,"minecraft:dirt":14,"minecraft:dark_oak_planks":1,"minecraft:item_frame":1,"minecraft:bow":75,"minecraft:goat_horn":1,"minecraft:egg":1,"minecraft:acacia_planks":50,"minecraft:acacia_boat":4,"minecraft:water_bucket":17,"minecraft:diorite":1,"minecraft:oak_planks":3,"minecraft:blue_bed":6,"minecraft:diamond_axe":24,"minecraft:golden_apple":2,"minecraft:tnt":10,"minecraft:crafting_table":3,"minecraft:diamond_pickaxe":30,"minecraft:black_wool":1,"minecraft:diamond_shovel":2,"minecraft:bread":62,"minecraft:diamond_sword":337,"minecraft:cobblestone":3,"minecraft:bucket":18,"minecraft:experience_bottle":3},"minecraft:dropped":{"minecraft:wheat_seeds":1,"minecraft:diamond_axe":1,"minecraft:dark_oak_sapling":1,"minecraft:cod":1,"irons_spellbooks:scroll":1,"irons_spellbooks:affinity_ring":2,"minecraft:dark_oak_trapdoor":1,"minecraft:wooden_sword":1,"minecraft:sand":2,"minecraft:chainmail_leggings":1,"minecraft:dark_oak_planks":1,"minecraft:polished_deepslate_wall":1,"minecraft:polished_deepslate":1,"minecraft:white_tulip":2,"minecraft:filled_map":2,"minecraft:diamond_sword":3,"minecraft:iron_chestplate":1},"minecraft:killed":{"irons_spellbooks:summoned_zombie":4,"minecraft:spider":1,"minecraft:vindicator":8,"minecraft:dolphin":1,"naturalist:tortoise":1,"naturalist:snail":1,"minecraft:skeleton":37,"minecraft:silverfish":2,"minecraft:drowned":1,"minecraft:magma_cube":6,"minecraft:husk":5,"irons_spellbooks:necromancer":1,"minecraft:pillager":11,"minecraft:zombie":27,"cataclysm:deepling":1},"minecraft:picked_up":{"irons_spellbooks:scroll":1,"minecraft:iron_chestplate":1,"minecraft:crafting_table":2,"minecraft:wheat":16,"minecraft:chainmail_boots":2,"minecraft:ladder":1,"irons_spellbooks:affinity_ring":4,"irons_spellbooks:tarnished_helmet":1,"minecraft:diamond_sword":5,"minecraft:lead":2,"minecraft:potion":1,"minecraft:enchanted_book":2,"minecraft:diamond_horse_armor":2,"minecraft:shield":2,"minecraft:polished_deepslate_wall":1,"minecraft:polished_deepslate":1,"minecraft:red_bed":2,"minecraft:string":3,"minecraft:dark_oak_trapdoor":1,"minecraft:item_frame":1,"minecraft:compass":1,"minecraft:experience_bottle":4,"irons_spellbooks:arcane_essence":31,"minecraft:diamond_leggings":2,"minecraft:spruce_planks":19,"minecraft:white_tulip":2,"minecraft:spruce_slab":6,"minecraft:egg":1,"minecraft:dark_oak_sapling":1,"minecraft:raw_gold_block":1,"minecraft:oak_fence":2,"minecraft:torch":247,"minecraft:spruce_stairs":7,"minecraft:cake":1,"minecraft:diorite":1,"minecraft:redstone":128,"minecraft:goat_horn":2,"minecraft:dark_oak_planks":3,"minecraft:rotten_flesh":43,"minecraft:arrow":188,"minecraft:diamond_chestplate":2,"minecraft:saddle":5,"minecraft:gold_ingot":10,"minecraft:cod":1,"minecraft:iron_bars":2,"minecraft:cobblestone":6,"minecraft:sponge":3,"minecraft:water_bucket":2,"minecraft:jungle_log":1,"minecraft:jungle_fence":7,"minecraft:filled_map":1,"minecraft:oak_log":3,"minecraft:acacia_boat":3,"minecraft:dirt":14,"minecraft:blue_bed":6,"irons_spellbooks:common_ink":2,"minecraft:bone":120,"minecraft:bow":3,"minecraft:wheat_seeds":2,"minecraft:iron_ore":12,"minecraft:oak_planks":3,"minecraft:book":39,"minecraft:polished_andesite_stairs":3,"minecraft:dark_oak_slab":14,"minecraft:oak_pressure_plate":1,"minecraft:sand":2,"sophisticatedbackpacks:iron_backpack":3,"minecraft:spider_eye":1,"minecraft:polished_andesite":7,"minecraft:diamond_shovel":2,"minecraft:slime_ball":1,"minecraft:chainmail_leggings":1,"minecraft:iron_helmet":2,"minecraft:diamond_axe":3,"minecraft:golden_apple":8,"minecraft:bread":141,"minecraft:emerald":3,"minecraft:black_wool":7,"minecraft:coal":6,"minecraft:diamond_pickaxe":2},"minecraft:custom":{"minecraft:mob_kills":108,"minecraft:interact_with_crafting_table":5,"minecraft:open_barrel":70,"minecraft:leave_game":1,"minecraft:time_since_death":105924,"minecraft:climb_one_cm":25960,"minecraft:sprint_one_cm":503028,"minecraft:walk_one_cm":742097,"minecraft:damage_blocked_by_shield":100,"minecraft:drop":21,"minecraft:talked_to_villager":3,"minecraft:raid_win":1,"minecraft:play_time":192080,"minecraft:deaths":3,"minecraft:sneak_time":5366,"minecraft:walk_under_water_one_cm":59530,"minecraft:jump":2851,"minecraft:interact_with_blast_furnace":5,"minecraft:walk_on_water_one_cm":42404,"minecraft:total_world_time":192080,"minecraft:interact_with_furnace":5,"minecraft:interact_with_cartography_table":3,"minecraft:interact_with_grindstone":1,"minecraft:sleep_in_bed":8,"minecraft:time_since_rest":2347,"minecraft:damage_taken":3413,"minecraft:damage_absorbed":80,"minecraft:damage_dealt":20663,"minecraft:swim_one_cm":112249,"minecraft:fly_one_cm":485278,"minecraft:open_chest":112,"minecraft:crouch_one_cm":18118,"minecraft:interact_with_smoker":2,"minecraft:fall_one_cm":70745,"minecraft:inspect_dispenser":1},"minecraft:mined":{"minecraft:dark_oak_planks":3,"minecraft:dark_oak_leaves":2,"minecraft:jungle_log":1,"minecraft:spruce_leaves":1,"minecraft:spawner":7,"minecraft:large_fern":1,"minecraft:dark_oak_trapdoor":1,"minecraft:raw_gold_block":1,"minecraft:polished_deepslate":1,"minecraft:bookshelf":13,"minecraft:iron_bars":2,"minecraft:stone":5,"minecraft:spruce_slab":2,"minecraft:tripwire":1,"minecraft:crafting_table":2,"minecraft:sponge":3,"minecraft:polished_andesite_stairs":3,"minecraft:tall_grass":2,"minecraft:oak_planks":4,"minecraft:diorite":1,"minecraft:blue_bed":6,"minecraft:seagrass":1,"minecraft:dark_oak_slab":2,"minecraft:grass":3,"minecraft:black_wool":1,"minecraft:sand":2,"minecraft:tripwire_hook":1,"minecraft:polished_andesite":4,"minecraft:polished_deepslate_wall":1,"minecraft:oak_leaves":2},"minecraft:crafted":{"minecraft:wooden_sword":1,"minecraft:crafting_table":2,"minecraft:acacia_boat":2,"minecraft:jungle_planks":4,"minecraft:stick":20,"minecraft:iron_ingot":11,"minecraft:acacia_planks":76,"minecraft:torch":112}},"DataVersion":3465}