{"stats":{"minecraft:killed_by":{"minecraft:player":1},"minecraft:used":{"minecraft:beetroot":2,"minecraft:bread":10,"minecraft:diamond_sword":33,"minecraft:bow":1,"minecraft:egg":1},"minecraft:dropped":{"minecraft:diamond_sword":2,"minecraft:wooden_sword":1},"minecraft:killed":{"naturalist:snail":1,"minecraft:skeleton":4,"minecraft:husk":1,"minecraft:zombie":1,"irons_spellbooks:summoned_zombie":3},"minecraft:picked_up":{"minecraft:crafting_table":1,"minecraft:jungle_log":1,"irons_spellbooks:tarnished_helmet":1,"minecraft:diamond_sword":2,"minecraft:string":1,"minecraft:dark_oak_planks":1,"minecraft:bone":5,"minecraft:arrow":3,"minecraft:rotten_flesh":3,"minecraft:slime_ball":1,"irons_spellbooks:arcane_essence":1,"minecraft:egg":1},"minecraft:custom":{"minecraft:time_since_rest":12585,"minecraft:sprint_one_cm":142008,"minecraft:damage_taken":580,"minecraft:walk_one_cm":175983,"minecraft:mob_kills":11,"minecraft:drop":3,"minecraft:damage_dealt":1966,"minecraft:interact_with_crafting_table":1,"minecraft:swim_one_cm":11191,"minecraft:talked_to_villager":1,"minecraft:fly_one_cm":150243,"minecraft:open_barrel":8,"minecraft:open_chest":25,"minecraft:crouch_one_cm":593,"minecraft:play_time":36302,"minecraft:deaths":1,"minecraft:sneak_time":139,"minecraft:walk_under_water_one_cm":129,"minecraft:jump":913,"minecraft:time_since_death":12537,"minecraft:walk_on_water_one_cm":583,"minecraft:sleep_in_bed":1,"minecraft:climb_one_cm":2072,"minecraft:total_world_time":36302,"minecraft:fall_one_cm":21602},"minecraft:mined":{"minecraft:crafting_table":1,"minecraft:grass":1,"minecraft:jungle_log":1,"minecraft:tall_grass":2,"minecraft:oak_leaves":1},"minecraft:crafted":{"minecraft:wooden_sword":1,"minecraft:stick":4,"minecraft:jungle_planks":4}},"DataVersion":3465}