{"stats":{"minecraft:killed_by":{"minecraft:player":1},"minecraft:used":{"minecraft:beetroot":2,"minecraft:bread":7,"minecraft:diamond_sword":25,"minecraft:egg":1},"minecraft:dropped":{"minecraft:diamond_sword":1,"minecraft:wooden_sword":1},"minecraft:killed":{"naturalist:snail":1,"minecraft:skeleton":1,"minecraft:husk":1,"minecraft:zombie":1,"irons_spellbooks:summoned_zombie":3},"minecraft:picked_up":{"minecraft:crafting_table":1,"minecraft:jungle_log":1,"irons_spellbooks:tarnished_helmet":1,"minecraft:diamond_sword":1,"minecraft:string":1,"minecraft:rotten_flesh":3,"minecraft:slime_ball":1,"irons_spellbooks:arcane_essence":1,"minecraft:egg":1},"minecraft:custom":{"minecraft:time_since_rest":585,"minecraft:sprint_one_cm":91565,"minecraft:damage_taken":506,"minecraft:walk_one_cm":132458,"minecraft:mob_kills":8,"minecraft:drop":2,"minecraft:damage_dealt":1513,"minecraft:interact_with_crafting_table":1,"minecraft:swim_one_cm":3328,"minecraft:talked_to_villager":1,"minecraft:fly_one_cm":110566,"minecraft:open_chest":22,"minecraft:crouch_one_cm":207,"minecraft:play_time":24302,"minecraft:deaths":1,"minecraft:sneak_time":48,"minecraft:walk_under_water_one_cm":19,"minecraft:jump":593,"minecraft:time_since_death":537,"minecraft:walk_on_water_one_cm":465,"minecraft:sleep_in_bed":1,"minecraft:climb_one_cm":938,"minecraft:total_world_time":24302,"minecraft:fall_one_cm":13480},"minecraft:mined":{"minecraft:crafting_table":1,"minecraft:grass":1,"minecraft:jungle_log":1,"minecraft:tall_grass":2},"minecraft:crafted":{"minecraft:wooden_sword":1,"minecraft:stick":4,"minecraft:jungle_planks":4}},"DataVersion":3465}