{"stats":{"minecraft:killed_by":{"minecraft:husk":1,"irons_spellbooks:archevoker":1},"minecraft:used":{"minecraft:beetroot":1,"minecraft:leather_leggings":1,"minecraft:stone_sword":15,"minecraft:flint_and_steel":1,"minecraft:stone_pickaxe":22,"minecraft:wooden_pickaxe":6,"minecraft:shield":6,"minecraft:iron_sword":41,"minecraft:green_bed":4,"minecraft:dirt":4,"minecraft:crafting_table":8,"minecraft:granite":2,"cataclysm:lionfish":1,"minecraft:oak_log":22,"minecraft:wooden_axe":5,"minecraft:apple":4,"minecraft:lantern":1,"minecraft:bread":16,"minecraft:iron_pickaxe":78,"minecraft:iron_boots":1,"minecraft:fishing_rod":4,"minecraft:item_frame":2,"minecraft:stone_axe":42,"minecraft:sweet_berries":1,"minecraft:furnace":2,"minecraft:oak_sapling":1,"minecraft:oak_boat":4,"minecraft:egg":2,"aquaculture:fish_fillet_cooked":3,"minecraft:candle":1,"minecraft:beetroot_soup":1},"minecraft:dropped":{"minecraft:cocoa_beans":1,"minecraft:rotten_flesh":4,"minecraft:book":15,"minecraft:lantern":3,"minecraft:oak_sapling":4,"minecraft:stone_bricks":1},"minecraft:killed":{"naturalist:dragonfly":1,"minecraft:skeleton":4,"minecraft:pillager":2,"aquaculture:minnow":1,"cataclysm:lionfish":1,"aquaculture:carp":1,"minecraft:cow":2},"minecraft:picked_up":{"irons_spellbooks:scroll":2,"minecraft:fishing_rod":1,"minecraft:iron_chestplate":2,"minecraft:cocoa_beans":1,"minecraft:crafting_table":8,"minecraft:coarse_dirt":10,"minecraft:leather_chestplate":1,"minecraft:leather_leggings":1,"minecraft:leather":2,"minecraft:oak_log":54,"minecraft:lily_pad":8,"minecraft:shield":2,"minecraft:dirt":62,"minecraft:iron_leggings":1,"minecraft:lantern":4,"minecraft:beetroot_soup":1,"minecraft:item_frame":2,"minecraft:bone":5,"minecraft:apple":4,"minecraft:beetroot":1,"minecraft:stone_bricks":4,"aquaculture:bluegill":1,"minecraft:candle":2,"minecraft:beef":3,"minecraft:stone_pickaxe":1,"minecraft:oak_boat":4,"minecraft:stripped_oak_wood":3,"minecraft:player_head":1,"aquaculture:minnow":1,"minecraft:iron_pickaxe":2,"minecraft:iron_sword":2,"irons_spellbooks:inscription_table":1,"minecraft:iron_boots":2,"minecraft:furnace":2,"minecraft:book":15,"minecraft:stick":9,"minecraft:raw_iron":3,"minecraft:sweet_berries":1,"minecraft:green_bed":6,"sophisticatedbackpacks:backpack":1,"minecraft:jungle_planks":4,"minecraft:blast_furnace":1,"minecraft:dark_oak_planks":1,"cataclysm:lionfish":1,"minecraft:arrow":6,"minecraft:rotten_flesh":4,"minecraft:stone_axe":1,"minecraft:beetroot_seeds":10,"minecraft:granite":6,"aquaculture:carp":1,"minecraft:emerald":1,"minecraft:bread":14,"minecraft:oak_sapling":5,"minecraft:coal":60,"minecraft:cobblestone":63},"minecraft:custom":{"minecraft:interact_with_furnace":11,"minecraft:mob_kills":13,"minecraft:interact_with_cartography_table":1,"minecraft:tune_noteblock":1,"minecraft:interact_with_crafting_table":17,"minecraft:open_barrel":11,"minecraft:eat_cake_slice":6,"minecraft:time_since_death":18934,"minecraft:sleep_in_bed":6,"minecraft:climb_one_cm":1959,"minecraft:time_since_rest":2838,"minecraft:sprint_one_cm":108767,"minecraft:damage_taken":1750,"minecraft:walk_one_cm":287085,"minecraft:damage_blocked_by_shield":359,"minecraft:drop":8,"minecraft:damage_dealt":2640,"minecraft:swim_one_cm":37738,"minecraft:talked_to_villager":4,"minecraft:fly_one_cm":109058,"minecraft:player_kills":1,"minecraft:open_chest":15,"minecraft:deaths":2,"minecraft:crouch_one_cm":9152,"minecraft:play_time":89350,"minecraft:sneak_time":2217,"minecraft:walk_under_water_one_cm":32905,"minecraft:boat_one_cm":136569,"minecraft:interact_with_lectern":2,"minecraft:jump":1142,"minecraft:interact_with_blast_furnace":5,"minecraft:walk_on_water_one_cm":37375,"minecraft:interact_with_smoker":1,"minecraft:total_world_time":89350,"minecraft:fall_one_cm":29923},"minecraft:mined":{"minecraft:dark_oak_planks":1,"minecraft:candle_cake":1,"minecraft:candle":1,"minecraft:crafting_table":9,"minecraft:granite":6,"minecraft:blast_furnace":1,"minecraft:emerald_ore":1,"minecraft:grass_block":31,"minecraft:jungle_planks":4,"minecraft:spruce_leaves":2,"minecraft:coarse_dirt":10,"minecraft:furnace":2,"minecraft:iron_ore":3,"minecraft:stripped_oak_wood":3,"minecraft:bookshelf":5,"minecraft:oak_log":52,"minecraft:coal_ore":23,"minecraft:cocoa":1,"minecraft:lantern":1,"minecraft:dirt":30,"minecraft:stone_bricks":3,"irons_spellbooks:inscription_table":1,"minecraft:stone":58,"minecraft:player_head":1,"minecraft:green_bed":6},"minecraft:crafted":{"minecraft:oak_planks":140,"minecraft:crafting_table":2,"minecraft:wooden_pickaxe":1,"minecraft:iron_sword":1,"minecraft:furnace":1,"minecraft:bread":20,"minecraft:air":0,"minecraft:flint_and_steel":1,"aquaculture:fish_fillet_raw":3,"minecraft:oak_boat":1,"minecraft:stick":12,"minecraft:wooden_axe":1,"minecraft:iron_ingot":3,"minecraft:stone_pickaxe":1,"minecraft:stone_sword":1,"aquaculture:fish_fillet_cooked":3,"aquaculture:wooden_fillet_knife":1,"minecraft:wheat":27,"minecraft:wooden_sword":1}},"DataVersion":3465}