{"stats":{"minecraft:killed_by":{"minecraft:player":1},"minecraft:used":{"minecraft:beetroot":2,"minecraft:water_bucket":5,"minecraft:diamond_pickaxe":14,"minecraft:bread":20,"minecraft:shield":1,"minecraft:torch":45,"minecraft:diamond_sword":141,"minecraft:bow":11,"minecraft:bucket":6,"minecraft:egg":1},"minecraft:dropped":{"minecraft:filled_map":1,"minecraft:diamond_sword":2,"irons_spellbooks:affinity_ring":2,"minecraft:wooden_sword":1},"minecraft:killed":{"naturalist:snail":1,"minecraft:skeleton":20,"minecraft:magma_cube":6,"minecraft:husk":1,"minecraft:zombie":15,"irons_spellbooks:summoned_zombie":3,"minecraft:spider":1},"minecraft:picked_up":{"minecraft:polished_andesite_stairs":3,"minecraft:crafting_table":1,"minecraft:jungle_log":1,"irons_spellbooks:affinity_ring":2,"irons_spellbooks:tarnished_helmet":1,"minecraft:torch":1,"minecraft:diamond_sword":2,"minecraft:filled_map":1,"minecraft:spider_eye":1,"minecraft:dirt":14,"minecraft:string":3,"minecraft:dark_oak_planks":1,"minecraft:polished_andesite":7,"minecraft:compass":1,"minecraft:bone":19,"minecraft:arrow":20,"minecraft:rotten_flesh":18,"minecraft:slime_ball":1,"minecraft:bow":1,"irons_spellbooks:arcane_essence":1,"minecraft:wheat_seeds":1,"minecraft:cobblestone":3,"minecraft:egg":1},"minecraft:custom":{"minecraft:time_since_rest":42585,"minecraft:interact_with_furnace":2,"minecraft:sprint_one_cm":206639,"minecraft:damage_taken":998,"minecraft:walk_one_cm":357681,"minecraft:damage_blocked_by_shield":30,"minecraft:mob_kills":48,"minecraft:drop":6,"minecraft:damage_dealt":7492,"minecraft:interact_with_cartography_table":1,"minecraft:interact_with_crafting_table":1,"minecraft:swim_one_cm":22545,"minecraft:talked_to_villager":1,"minecraft:fly_one_cm":185609,"minecraft:open_barrel":8,"minecraft:open_chest":56,"minecraft:crouch_one_cm":2042,"minecraft:play_time":66302,"minecraft:deaths":1,"minecraft:sneak_time":379,"minecraft:walk_under_water_one_cm":907,"minecraft:jump":1307,"minecraft:time_since_death":42537,"minecraft:walk_on_water_one_cm":7252,"minecraft:sleep_in_bed":1,"minecraft:climb_one_cm":18590,"minecraft:total_world_time":66302,"minecraft:fall_one_cm":29194,"minecraft:inspect_dispenser":1},"minecraft:mined":{"minecraft:crafting_table":1,"minecraft:grass":2,"minecraft:polished_andesite_stairs":3,"minecraft:jungle_log":1,"minecraft:tall_grass":2,"minecraft:polished_andesite":4,"minecraft:tripwire_hook":1,"minecraft:stone":2,"minecraft:oak_leaves":1,"minecraft:spawner":5,"minecraft:tripwire":1},"minecraft:crafted":{"minecraft:wooden_sword":1,"minecraft:stick":4,"minecraft:torch":48,"minecraft:jungle_planks":4}},"DataVersion":3465}