{"stats":{"minecraft:used":{"minecraft:oak_log":22,"minecraft:flint_and_steel":1,"minecraft:bread":2,"minecraft:stone_pickaxe":17,"minecraft:iron_pickaxe":1,"minecraft:stone_axe":29,"minecraft:crafting_table":1,"minecraft:candle":1},"minecraft:killed":{"naturalist:dragonfly":1},"minecraft:picked_up":{"minecraft:crafting_table":2,"minecraft:oak_log":51,"minecraft:blast_furnace":1,"minecraft:stone_axe":1,"minecraft:candle":1,"minecraft:emerald":1,"minecraft:iron_pickaxe":1,"minecraft:cobblestone":20},"minecraft:custom":{"minecraft:time_since_rest":4899,"minecraft:interact_with_furnace":3,"minecraft:sprint_one_cm":18856,"minecraft:damage_taken":70,"minecraft:walk_one_cm":50793,"minecraft:mob_kills":1,"minecraft:damage_dealt":60,"minecraft:interact_with_crafting_table":4,"minecraft:swim_one_cm":2328,"minecraft:talked_to_villager":3,"minecraft:fly_one_cm":19371,"minecraft:open_chest":9,"minecraft:play_time":17350,"minecraft:sneak_time":30,"minecraft:walk_under_water_one_cm":5546,"minecraft:boat_one_cm":31809,"minecraft:jump":180,"minecraft:interact_with_blast_furnace":1,"minecraft:time_since_death":17350,"minecraft:walk_on_water_one_cm":5620,"minecraft:sleep_in_bed":1,"minecraft:total_world_time":17350,"minecraft:interact_with_smoker":1,"minecraft:fall_one_cm":3593},"minecraft:mined":{"minecraft:candle_cake":1,"minecraft:crafting_table":2,"minecraft:blast_furnace":1,"minecraft:emerald_ore":1,"minecraft:oak_log":49,"minecraft:stone":15},"minecraft:crafted":{"minecraft:oak_planks":116,"minecraft:stick":4,"minecraft:stone_pickaxe":1,"minecraft:stone_sword":1,"minecraft:flint_and_steel":1}},"DataVersion":3465}