{"stats":{"minecraft:killed_by":{"irons_spellbooks:archevoker":1},"minecraft:used":{"minecraft:leather_leggings":1,"minecraft:stone_sword":15,"minecraft:flint_and_steel":1,"minecraft:stone_pickaxe":22,"minecraft:shield":6,"minecraft:iron_sword":24,"minecraft:green_bed":3,"minecraft:crafting_table":4,"minecraft:granite":2,"cataclysm:lionfish":1,"minecraft:oak_log":22,"minecraft:lantern":1,"minecraft:bread":16,"minecraft:iron_pickaxe":78,"minecraft:stone_axe":42,"minecraft:furnace":2,"minecraft:oak_sapling":1,"minecraft:oak_boat":3,"minecraft:egg":2,"aquaculture:fish_fillet_cooked":3,"minecraft:candle":1},"minecraft:dropped":{"minecraft:cocoa_beans":1,"minecraft:rotten_flesh":4,"minecraft:book":15,"minecraft:lantern":3,"minecraft:oak_sapling":4,"minecraft:stone_bricks":1},"minecraft:killed":{"naturalist:dragonfly":1,"minecraft:skeleton":1,"minecraft:pillager":2,"aquaculture:minnow":1,"cataclysm:lionfish":1,"aquaculture:carp":1},"minecraft:picked_up":{"irons_spellbooks:scroll":2,"minecraft:iron_chestplate":1,"minecraft:cocoa_beans":1,"minecraft:crafting_table":4,"minecraft:coarse_dirt":10,"minecraft:leather_chestplate":1,"minecraft:leather_leggings":1,"minecraft:oak_log":51,"minecraft:lily_pad":7,"minecraft:shield":2,"minecraft:dirt":1,"minecraft:lantern":4,"minecraft:stone_bricks":1,"aquaculture:bluegill":1,"minecraft:candle":2,"minecraft:stone_pickaxe":1,"minecraft:oak_boat":4,"aquaculture:minnow":1,"minecraft:iron_pickaxe":2,"minecraft:iron_sword":1,"irons_spellbooks:inscription_table":1,"minecraft:iron_boots":1,"minecraft:furnace":2,"minecraft:book":15,"minecraft:stick":9,"minecraft:raw_iron":3,"minecraft:green_bed":4,"sophisticatedbackpacks:backpack":1,"minecraft:blast_furnace":1,"minecraft:dark_oak_planks":1,"cataclysm:lionfish":1,"minecraft:arrow":1,"minecraft:rotten_flesh":4,"minecraft:stone_axe":1,"minecraft:beetroot_seeds":10,"minecraft:granite":6,"aquaculture:carp":1,"minecraft:emerald":1,"minecraft:bread":14,"minecraft:oak_sapling":5,"minecraft:coal":60,"minecraft:cobblestone":60},"minecraft:custom":{"minecraft:interact_with_furnace":9,"minecraft:mob_kills":7,"minecraft:interact_with_crafting_table":13,"minecraft:open_barrel":11,"minecraft:time_since_death":3886,"minecraft:sleep_in_bed":4,"minecraft:climb_one_cm":1919,"minecraft:time_since_rest":4101,"minecraft:sprint_one_cm":68697,"minecraft:damage_taken":1322,"minecraft:walk_one_cm":189058,"minecraft:damage_blocked_by_shield":359,"minecraft:drop":8,"minecraft:damage_dealt":1836,"minecraft:swim_one_cm":37738,"minecraft:talked_to_villager":4,"minecraft:fly_one_cm":67098,"minecraft:player_kills":1,"minecraft:open_chest":11,"minecraft:deaths":1,"minecraft:crouch_one_cm":6104,"minecraft:play_time":65350,"minecraft:sneak_time":1546,"minecraft:walk_under_water_one_cm":31781,"minecraft:boat_one_cm":136549,"minecraft:interact_with_lectern":2,"minecraft:jump":868,"minecraft:interact_with_blast_furnace":5,"minecraft:walk_on_water_one_cm":33807,"minecraft:interact_with_smoker":1,"minecraft:total_world_time":65350,"minecraft:fall_one_cm":22695},"minecraft:mined":{"minecraft:dark_oak_planks":1,"minecraft:candle_cake":1,"minecraft:candle":1,"minecraft:crafting_table":5,"minecraft:granite":6,"minecraft:blast_furnace":1,"minecraft:emerald_ore":1,"minecraft:coarse_dirt":10,"minecraft:furnace":2,"minecraft:iron_ore":3,"minecraft:bookshelf":5,"minecraft:oak_log":49,"minecraft:coal_ore":23,"minecraft:cocoa":1,"minecraft:lantern":1,"irons_spellbooks:inscription_table":1,"minecraft:stone":55,"minecraft:green_bed":4},"minecraft:crafted":{"minecraft:oak_planks":116,"minecraft:crafting_table":1,"minecraft:iron_sword":1,"minecraft:furnace":1,"minecraft:bread":20,"minecraft:air":0,"minecraft:flint_and_steel":1,"aquaculture:fish_fillet_raw":3,"minecraft:stick":4,"minecraft:iron_ingot":3,"minecraft:stone_pickaxe":1,"minecraft:stone_sword":1,"aquaculture:fish_fillet_cooked":3,"aquaculture:wooden_fillet_knife":1,"minecraft:wheat":27}},"DataVersion":3465}