{"stats":{"minecraft:killed_by":{"minecraft:player":1},"minecraft:used":{"minecraft:beetroot":2,"minecraft:acacia_boat":3,"minecraft:water_bucket":17,"minecraft:diorite":1,"minecraft:shield":2,"minecraft:blue_bed":1,"minecraft:diamond_axe":1,"minecraft:golden_apple":2,"minecraft:torch":70,"minecraft:dirt":14,"minecraft:crafting_table":2,"minecraft:diamond_pickaxe":23,"minecraft:diamond_shovel":2,"minecraft:bread":47,"minecraft:item_frame":1,"minecraft:diamond_sword":236,"minecraft:bow":44,"minecraft:goat_horn":1,"minecraft:bucket":18,"minecraft:egg":1,"minecraft:acacia_planks":24,"minecraft:experience_bottle":3},"minecraft:dropped":{"minecraft:white_tulip":2,"minecraft:wheat_seeds":1,"minecraft:diamond_axe":1,"minecraft:dark_oak_sapling":1,"minecraft:filled_map":2,"irons_spellbooks:scroll":1,"minecraft:diamond_sword":3,"irons_spellbooks:affinity_ring":2,"minecraft:dark_oak_trapdoor":1,"minecraft:wooden_sword":1,"minecraft:sand":2,"minecraft:polished_deepslate_wall":1,"minecraft:polished_deepslate":1},"minecraft:killed":{"minecraft:magma_cube":6,"minecraft:husk":5,"irons_spellbooks:summoned_zombie":4,"minecraft:vindicator":1,"minecraft:spider":1,"irons_spellbooks:necromancer":1,"naturalist:tortoise":1,"naturalist:snail":1,"minecraft:skeleton":21,"minecraft:pillager":3,"minecraft:zombie":27,"cataclysm:deepling":1,"minecraft:drowned":1},"minecraft:picked_up":{"irons_spellbooks:scroll":1,"minecraft:wheat":16,"minecraft:crafting_table":2,"minecraft:chainmail_boots":2,"minecraft:lead":2,"minecraft:water_bucket":2,"minecraft:jungle_log":1,"irons_spellbooks:affinity_ring":4,"irons_spellbooks:tarnished_helmet":1,"minecraft:diamond_sword":5,"minecraft:filled_map":1,"minecraft:enchanted_book":2,"minecraft:diamond_horse_armor":2,"minecraft:shield":2,"minecraft:polished_deepslate_wall":1,"minecraft:acacia_boat":1,"minecraft:blue_bed":2,"minecraft:polished_deepslate":1,"minecraft:string":3,"minecraft:dirt":14,"minecraft:dark_oak_trapdoor":1,"minecraft:item_frame":1,"irons_spellbooks:common_ink":2,"minecraft:compass":1,"minecraft:experience_bottle":4,"minecraft:bone":108,"minecraft:diamond_leggings":2,"minecraft:bow":3,"irons_spellbooks:arcane_essence":31,"minecraft:wheat_seeds":2,"minecraft:white_tulip":2,"minecraft:iron_ore":12,"minecraft:book":3,"minecraft:dark_oak_sapling":1,"minecraft:egg":1,"minecraft:polished_andesite_stairs":3,"minecraft:torch":247,"minecraft:sand":2,"minecraft:cake":1,"sophisticatedbackpacks:iron_backpack":3,"minecraft:diorite":1,"minecraft:redstone":128,"minecraft:spider_eye":1,"minecraft:goat_horn":2,"minecraft:dark_oak_planks":1,"minecraft:polished_andesite":7,"minecraft:diamond_chestplate":2,"minecraft:diamond_shovel":2,"minecraft:arrow":129,"minecraft:rotten_flesh":43,"minecraft:slime_ball":1,"minecraft:iron_helmet":2,"minecraft:saddle":5,"minecraft:diamond_axe":3,"minecraft:gold_ingot":10,"minecraft:bread":141,"minecraft:golden_apple":8,"minecraft:coal":6,"minecraft:cobblestone":6,"minecraft:diamond_pickaxe":2},"minecraft:custom":{"minecraft:interact_with_furnace":5,"minecraft:mob_kills":74,"minecraft:interact_with_crafting_table":3,"minecraft:interact_with_cartography_table":1,"minecraft:open_barrel":18,"minecraft:interact_with_grindstone":1,"minecraft:time_since_death":52146,"minecraft:sleep_in_bed":4,"minecraft:climb_one_cm":23479,"minecraft:time_since_rest":9464,"minecraft:sprint_one_cm":475579,"minecraft:damage_absorbed":80,"minecraft:damage_taken":2619,"minecraft:walk_one_cm":596080,"minecraft:damage_blocked_by_shield":100,"minecraft:drop":17,"minecraft:damage_dealt":13799,"minecraft:swim_one_cm":92776,"minecraft:talked_to_villager":2,"minecraft:fly_one_cm":439580,"minecraft:raid_win":1,"minecraft:open_chest":81,"minecraft:crouch_one_cm":4031,"minecraft:play_time":138302,"minecraft:deaths":3,"minecraft:sneak_time":1441,"minecraft:walk_under_water_one_cm":45799,"minecraft:jump":2530,"minecraft:interact_with_blast_furnace":5,"minecraft:walk_on_water_one_cm":28106,"minecraft:total_world_time":138302,"minecraft:fall_one_cm":65546,"minecraft:inspect_dispenser":1},"minecraft:mined":{"minecraft:dark_oak_leaves":2,"minecraft:crafting_table":2,"minecraft:polished_andesite_stairs":3,"minecraft:jungle_log":1,"minecraft:tall_grass":2,"minecraft:spruce_leaves":1,"minecraft:diorite":1,"minecraft:blue_bed":2,"minecraft:large_fern":1,"minecraft:spawner":6,"minecraft:dark_oak_trapdoor":1,"minecraft:polished_deepslate":1,"minecraft:grass":3,"minecraft:bookshelf":1,"minecraft:sand":2,"minecraft:tripwire_hook":1,"minecraft:stone":5,"minecraft:polished_andesite":4,"minecraft:polished_deepslate_wall":1,"minecraft:oak_leaves":2,"minecraft:tripwire":1},"minecraft:crafted":{"minecraft:wooden_sword":1,"minecraft:crafting_table":2,"minecraft:acacia_boat":2,"minecraft:jungle_planks":4,"minecraft:stick":20,"minecraft:acacia_planks":76,"minecraft:torch":112}},"DataVersion":3465}