{"stats":{"minecraft:used":{"minecraft:beetroot":2,"minecraft:bread":3},"minecraft:dropped":{"minecraft:diamond_sword":1,"minecraft:wooden_sword":1},"minecraft:killed":{"naturalist:snail":1},"minecraft:picked_up":{"minecraft:crafting_table":1,"minecraft:slime_ball":1,"minecraft:jungle_log":1,"minecraft:egg":1},"minecraft:custom":{"minecraft:time_since_rest":12302,"minecraft:open_chest":15,"minecraft:crouch_one_cm":67,"minecraft:play_time":12302,"minecraft:sprint_one_cm":28814,"minecraft:damage_taken":150,"minecraft:walk_one_cm":88612,"minecraft:sneak_time":14,"minecraft:mob_kills":1,"minecraft:drop":2,"minecraft:jump":192,"minecraft:damage_dealt":20,"minecraft:walk_on_water_one_cm":371,"minecraft:time_since_death":12302,"minecraft:total_world_time":12302,"minecraft:climb_one_cm":456,"minecraft:talked_to_villager":1,"minecraft:fall_one_cm":3337,"minecraft:interact_with_crafting_table":1,"minecraft:fly_one_cm":29294},"minecraft:mined":{"minecraft:jungle_log":1,"minecraft:tall_grass":2,"minecraft:crafting_table":1},"minecraft:crafted":{"minecraft:wooden_sword":1,"minecraft:stick":4,"minecraft:jungle_planks":4}},"DataVersion":3465}