{"stats":{"minecraft:killed_by":{"minecraft:wither_skeleton":1,"minecraft:vindicator":1},"minecraft:used":{"minecraft:stone_sword":132,"minecraft:iron_shovel":96,"minecraft:spruce_slab":2,"minecraft:spruce_planks":16,"minecraft:chest":2,"minecraft:shield":14,"minecraft:iron_sword":76,"minecraft:rotten_flesh":1,"minecraft:torch":53,"minecraft:dirt":5,"minecraft:chainmail_chestplate":1,"minecraft:wooden_axe":31,"minecraft:chipped_anvil":1,"minecraft:rooted_dirt":1,"minecraft:smooth_quartz":7,"minecraft:crimson_planks":3,"minecraft:barrel":1,"minecraft:golden_carrot":9,"minecraft:hay_block":3,"minecraft:furnace":2,"minecraft:cooked_beef":1,"minecraft:acacia_planks":43,"minecraft:water_bucket":1,"minecraft:birch_planks":5,"minecraft:stone_pickaxe":130,"minecraft:oak_planks":23,"minecraft:wooden_pickaxe":23,"minecraft:chainmail_helmet":1,"minecraft:fletching_table":8,"minecraft:jungle_boat":1,"minecraft:golden_apple":1,"minecraft:crafting_table":10,"minecraft:mushroom_stew":2,"minecraft:blast_furnace":2,"minecraft:white_bed":5,"minecraft:dark_prismarine":2,"minecraft:diamond_pickaxe":13,"minecraft:melon_slice":18,"minecraft:bread":61,"minecraft:iron_pickaxe":8,"minecraft:gravel":92,"minecraft:stone_axe":135,"minecraft:diamond_sword":543,"minecraft:cobblestone":56,"minecraft:pumpkin_pie":15,"minecraft:coarse_dirt":2,"minecraft:cobweb":1},"minecraft:dropped":{"minecraft:birch_planks":45,"minecraft:glass_bottle":1,"minecraft:iron_helmet":1,"minecraft:leather":1,"minecraft:chainmail_helmet":2,"irons_spellbooks:scroll":1,"minecraft:golden_carrot":5,"minecraft:torch":55,"minecraft:iron_leggings":1,"irons_spellbooks:arcane_essence":7,"minecraft:jungle_boat":1,"minecraft:iron_shovel":1,"minecraft:chainmail_leggings":1,"minecraft:dark_oak_planks":1,"minecraft:cyan_carpet":2,"minecraft:bowl":2,"minecraft:wheat":2,"irons_spellbooks:graybeard_staff":1,"minecraft:rotten_flesh":6,"minecraft:iron_boots":1,"minecraft:diamond_sword":8,"irons_spellbooks:wandering_magician_helmet":1,"minecraft:shield":2,"minecraft:iron_chestplate":1,"minecraft:chainmail_boots":1,"minecraft:wooden_pickaxe":1,"minecraft:stone_pickaxe":1},"minecraft:killed":{"naturalist:zebra":1,"minecraft:cave_spider":10,"minecraft:spider":21,"minecraft:skeleton":9,"minecraft:husk":7,"minecraft:iron_golem":2,"minecraft:sheep":6,"minecraft:zombie":4,"minecraft:wither_skeleton":74,"minecraft:cow":1},"minecraft:picked_up":{"irons_spellbooks:scroll":1,"minecraft:iron_chestplate":1,"minecraft:crafting_table":1,"minecraft:coarse_dirt":2,"minecraft:wheat":2,"minecraft:chainmail_boots":2,"minecraft:flower_pot":1,"minecraft:smithing_table":1,"minecraft:diamond_sword":17,"minecraft:potion":1,"minecraft:crimson_planks":3,"minecraft:shield":2,"minecraft:string":41,"irons_spellbooks:graybeard_staff":1,"minecraft:soul_soil":1,"minecraft:iron_shovel":1,"minecraft:cyan_carpet":6,"irons_spellbooks:arcane_essence":7,"minecraft:cartography_table":1,"minecraft:bucket":2,"minecraft:iron_pickaxe":2,"minecraft:spruce_planks":38,"minecraft:beef":1,"minecraft:smooth_quartz":19,"minecraft:rose_bush":2,"minecraft:player_head":1,"minecraft:calcite":2,"minecraft:azalea":1,"minecraft:poppy":2,"minecraft:spruce_slab":2,"minecraft:light_gray_wool":1,"minecraft:melon_slice":29,"minecraft:coal_block":16,"minecraft:piston":8,"minecraft:iron_boots":1,"minecraft:furnace":1,"minecraft:raw_iron":25,"minecraft:stick":1,"minecraft:torch":231,"minecraft:bowl":1,"minecraft:acacia_log":30,"minecraft:spruce_fence":5,"minecraft:mangrove_trapdoor":1,"minecraft:iron_horse_armor":2,"minecraft:dark_oak_planks":4,"minecraft:arrow":48,"minecraft:rotten_flesh":25,"minecraft:pumpkin_pie":6,"minecraft:hay_block":7,"minecraft:saddle":1,"irons_spellbooks:wandering_magician_helmet":1,"minecraft:gold_ingot":18,"minecraft:glow_berries":1,"minecraft:mutton":10,"minecraft:white_wool":4,"minecraft:cobblestone":102,"minecraft:lilac":2,"minecraft:water_bucket":1,"minecraft:jungle_log":10,"minecraft:leather":1,"minecraft:birch_planks":54,"minecraft:flint":9,"minecraft:chainmail_chestplate":2,"minecraft:oak_log":9,"minecraft:wither_skeleton_skull":1,"minecraft:gunpowder":6,"minecraft:lapis_lazuli":11,"minecraft:dirt":8,"minecraft:name_tag":1,"minecraft:bone":127,"minecraft:chipped_anvil":3,"minecraft:acacia_planks":75,"minecraft:wheat_seeds":2,"minecraft:spruce_wood":4,"minecraft:iron_ingot":13,"minecraft:stone_pickaxe":1,"minecraft:cobweb":3,"minecraft:fletching_table":4,"minecraft:glass_bottle":1,"minecraft:stone_hoe":1,"minecraft:iron_sword":1,"minecraft:acacia_sapling":1,"minecraft:book":43,"minecraft:gravel":97,"minecraft:jungle_planks":2,"minecraft:blast_furnace":4,"minecraft:white_bed":2,"minecraft:spider_eye":18,"minecraft:barrel":1,"minecraft:dark_prismarine":2,"minecraft:stone_axe":1,"minecraft:chainmail_leggings":1,"minecraft:painting":1,"minecraft:golden_apple":1,"minecraft:mossy_cobblestone_stairs":1,"minecraft:gray_wool":2,"minecraft:chainmail_helmet":3,"minecraft:bread":163,"minecraft:rooted_dirt":1,"minecraft:oak_sapling":1,"minecraft:melon_seeds":1,"minecraft:coal":54,"minecraft:diamond_pickaxe":1},"minecraft:custom":{"minecraft:interact_with_smithing_table":2,"minecraft:mob_kills":136,"minecraft:interact_with_anvil":12,"minecraft:interact_with_crafting_table":29,"minecraft:open_barrel":12,"minecraft:damage_dealt_resisted":10528,"minecraft:eat_cake_slice":4,"minecraft:time_since_death":33657,"minecraft:climb_one_cm":4772,"minecraft:sprint_one_cm":324337,"minecraft:walk_one_cm":484324,"minecraft:damage_blocked_by_shield":491,"minecraft:drop":40,"minecraft:talked_to_villager":8,"minecraft:play_time":158925,"minecraft:deaths":2,"minecraft:sneak_time":6149,"minecraft:walk_under_water_one_cm":2036,"minecraft:jump":3521,"minecraft:interact_with_blast_furnace":13,"minecraft:walk_on_water_one_cm":7800,"minecraft:total_world_time":158925,"minecraft:interact_with_furnace":7,"minecraft:tune_noteblock":1,"minecraft:sleep_in_bed":6,"minecraft:time_since_rest":33686,"minecraft:damage_absorbed":40,"minecraft:damage_taken":5314,"minecraft:damage_dealt":49958,"minecraft:fly_one_cm":511086,"minecraft:swim_one_cm":11357,"minecraft:open_chest":64,"minecraft:crouch_one_cm":15303,"minecraft:fall_one_cm":66225,"minecraft:inspect_dispenser":1},"minecraft:mined":{"minecraft:dark_oak_planks":3,"minecraft:dark_prismarine":2,"minecraft:spruce_planks":24,"minecraft:white_bed":2,"minecraft:acacia_log":30,"minecraft:spruce_fence":3,"minecraft:grass_block":3,"minecraft:jungle_planks":4,"minecraft:jungle_log":10,"minecraft:coal_block":15,"minecraft:soul_campfire":1,"minecraft:mangrove_trapdoor":1,"minecraft:cartography_table":1,"minecraft:moss_block":1,"minecraft:rooted_dirt":1,"minecraft:spawner":4,"minecraft:hay_block":5,"minecraft:furnace":1,"minecraft:mossy_cobblestone_stairs":1,"minecraft:iron_ore":25,"minecraft:barrel":1,"minecraft:fletching_table":4,"minecraft:bookshelf":12,"minecraft:vine":2,"minecraft:spruce_wood":2,"minecraft:stone":75,"minecraft:player_head":1,"minecraft:spruce_slab":2,"minecraft:acacia_leaves":11,"minecraft:crafting_table":1,"minecraft:torch":3,"minecraft:blast_furnace":4,"minecraft:calcite":2,"minecraft:rose_bush":2,"minecraft:cobblestone":2,"minecraft:tall_grass":2,"minecraft:deepslate_coal_ore":1,"minecraft:lapis_ore":2,"minecraft:wall_torch":2,"minecraft:coarse_dirt":2,"minecraft:lilac":2,"minecraft:birch_leaves":1,"minecraft:grass":2,"minecraft:oak_log":9,"minecraft:coal_ore":3,"minecraft:cyan_carpet":1,"minecraft:smooth_quartz":10,"minecraft:gravel":100,"minecraft:dirt":6,"minecraft:crimson_planks":4,"minecraft:acacia_planks":2,"minecraft:chipped_anvil":3,"minecraft:piston":8},"minecraft:broken":{"minecraft:stone_sword":1,"minecraft:stone_pickaxe":1,"minecraft:stone_axe":2},"minecraft:crafted":{"minecraft:oak_planks":36,"minecraft:furnace":1,"minecraft:iron_boots":1,"minecraft:stone_pickaxe":2,"minecraft:chest":2,"minecraft:wheat":18,"minecraft:cooked_beef":1,"minecraft:crafting_table":8,"minecraft:jungle_boat":2,"minecraft:wooden_pickaxe":1,"minecraft:iron_helmet":1,"minecraft:iron_sword":1,"minecraft:fletching_table":4,"minecraft:stone_axe":1,"minecraft:bread":7,"minecraft:air":0,"minecraft:jungle_planks":40,"minecraft:white_wool":6,"minecraft:shield":2,"minecraft:stick":20,"minecraft:iron_ingot":27,"minecraft:wooden_axe":1,"minecraft:stone_sword":1,"minecraft:iron_shovel":1,"minecraft:iron_leggings":2,"minecraft:white_bed":3,"minecraft:acacia_planks":120,"minecraft:torch":20}},"DataVersion":3465}