{"stats":{"minecraft:killed_by":{"minecraft:vindicator":1},"minecraft:used":{"minecraft:stone_sword":37,"minecraft:iron_shovel":93,"minecraft:spruce_slab":2,"minecraft:spruce_planks":1,"minecraft:chest":2,"minecraft:rotten_flesh":1,"minecraft:torch":1,"minecraft:dirt":5,"minecraft:wooden_axe":31,"minecraft:rooted_dirt":1,"minecraft:crimson_planks":3,"minecraft:barrel":1,"minecraft:furnace":2,"minecraft:cooked_beef":1,"minecraft:stone_pickaxe":103,"minecraft:oak_planks":23,"minecraft:wooden_pickaxe":23,"minecraft:fletching_table":8,"minecraft:jungle_boat":1,"minecraft:crafting_table":6,"minecraft:mushroom_stew":2,"minecraft:blast_furnace":2,"minecraft:white_bed":2,"minecraft:melon_slice":18,"minecraft:bread":1,"minecraft:gravel":89,"minecraft:stone_axe":128,"minecraft:cobblestone":43,"minecraft:pumpkin_pie":9,"minecraft:coarse_dirt":2},"minecraft:dropped":{"minecraft:iron_helmet":1,"irons_spellbooks:scroll":1,"minecraft:iron_leggings":1,"minecraft:jungle_boat":1,"minecraft:bowl":2,"minecraft:shield":1,"minecraft:wooden_pickaxe":1,"minecraft:stone_pickaxe":1},"minecraft:killed":{"naturalist:zebra":1,"minecraft:skeleton":1,"minecraft:husk":7,"minecraft:iron_golem":1,"minecraft:sheep":6,"minecraft:zombie":3,"minecraft:cow":1},"minecraft:picked_up":{"irons_spellbooks:scroll":1,"minecraft:crafting_table":1,"minecraft:coarse_dirt":2,"minecraft:smithing_table":1,"minecraft:potion":1,"minecraft:crimson_planks":3,"minecraft:soul_soil":1,"minecraft:cartography_table":1,"minecraft:spruce_planks":16,"minecraft:beef":1,"minecraft:rose_bush":1,"minecraft:player_head":1,"minecraft:calcite":2,"minecraft:azalea":1,"minecraft:poppy":1,"minecraft:spruce_slab":2,"minecraft:light_gray_wool":1,"minecraft:melon_slice":29,"minecraft:coal_block":2,"minecraft:furnace":1,"minecraft:raw_iron":25,"minecraft:stick":1,"minecraft:bowl":1,"minecraft:acacia_log":25,"minecraft:mangrove_trapdoor":1,"minecraft:dark_oak_planks":2,"minecraft:arrow":2,"minecraft:rotten_flesh":6,"minecraft:hay_block":2,"minecraft:glow_berries":1,"minecraft:mutton":10,"minecraft:white_wool":3,"minecraft:cobblestone":78,"minecraft:lilac":2,"minecraft:jungle_log":10,"minecraft:leather":1,"minecraft:flint":9,"minecraft:oak_log":9,"minecraft:lapis_lazuli":11,"minecraft:dirt":8,"minecraft:bone":2,"minecraft:wheat_seeds":2,"minecraft:iron_ingot":5,"minecraft:cobweb":2,"minecraft:fletching_table":4,"minecraft:glass_bottle":1,"minecraft:acacia_sapling":1,"minecraft:book":33,"minecraft:gravel":94,"minecraft:jungle_planks":2,"minecraft:blast_furnace":4,"minecraft:white_bed":1,"minecraft:barrel":1,"minecraft:stone_axe":1,"minecraft:painting":1,"minecraft:mossy_cobblestone_stairs":1,"minecraft:gray_wool":2,"minecraft:rooted_dirt":1,"minecraft:oak_sapling":1,"minecraft:melon_seeds":1,"minecraft:coal":4},"minecraft:custom":{"minecraft:interact_with_smithing_table":2,"minecraft:mob_kills":20,"minecraft:interact_with_anvil":2,"minecraft:interact_with_crafting_table":22,"minecraft:open_barrel":12,"minecraft:eat_cake_slice":4,"minecraft:time_since_death":58523,"minecraft:climb_one_cm":3842,"minecraft:sprint_one_cm":129566,"minecraft:walk_one_cm":144983,"minecraft:drop":9,"minecraft:talked_to_villager":8,"minecraft:play_time":62925,"minecraft:deaths":1,"minecraft:sneak_time":3881,"minecraft:walk_under_water_one_cm":1363,"minecraft:jump":1329,"minecraft:interact_with_blast_furnace":12,"minecraft:walk_on_water_one_cm":3873,"minecraft:total_world_time":62925,"minecraft:interact_with_furnace":5,"minecraft:sleep_in_bed":3,"minecraft:time_since_rest":1831,"minecraft:damage_taken":1049,"minecraft:damage_dealt":5486,"minecraft:fly_one_cm":268360,"minecraft:swim_one_cm":9781,"minecraft:open_chest":23,"minecraft:crouch_one_cm":10691,"minecraft:fall_one_cm":38037,"minecraft:inspect_dispenser":1},"minecraft:mined":{"minecraft:dark_oak_planks":2,"minecraft:spruce_planks":21,"minecraft:white_bed":1,"minecraft:acacia_log":25,"minecraft:grass_block":3,"minecraft:jungle_planks":4,"minecraft:jungle_log":10,"minecraft:coal_block":2,"minecraft:soul_campfire":1,"minecraft:mangrove_trapdoor":1,"minecraft:cartography_table":1,"minecraft:moss_block":1,"minecraft:rooted_dirt":1,"minecraft:furnace":1,"minecraft:mossy_cobblestone_stairs":1,"minecraft:iron_ore":25,"minecraft:barrel":1,"minecraft:fletching_table":4,"minecraft:bookshelf":12,"minecraft:vine":2,"minecraft:stone":75,"minecraft:player_head":1,"minecraft:spruce_slab":2,"minecraft:acacia_leaves":11,"minecraft:crafting_table":1,"minecraft:blast_furnace":4,"minecraft:calcite":2,"minecraft:rose_bush":1,"minecraft:tall_grass":2,"minecraft:deepslate_coal_ore":1,"minecraft:lapis_ore":2,"minecraft:coarse_dirt":2,"minecraft:lilac":2,"minecraft:grass":1,"minecraft:oak_log":9,"minecraft:coal_ore":3,"minecraft:gravel":97,"minecraft:dirt":6,"minecraft:crimson_planks":4},"minecraft:broken":{"minecraft:stone_axe":1},"minecraft:crafted":{"minecraft:oak_planks":36,"minecraft:furnace":1,"minecraft:iron_boots":1,"minecraft:stone_pickaxe":2,"minecraft:chest":2,"minecraft:cooked_beef":1,"minecraft:crafting_table":4,"minecraft:jungle_boat":2,"minecraft:wooden_pickaxe":1,"minecraft:iron_helmet":1,"minecraft:fletching_table":4,"minecraft:stone_axe":1,"minecraft:air":0,"minecraft:jungle_planks":40,"minecraft:shield":2,"minecraft:stick":20,"minecraft:iron_ingot":27,"minecraft:wooden_axe":1,"minecraft:stone_sword":1,"minecraft:iron_shovel":1,"minecraft:iron_leggings":2,"minecraft:white_bed":1,"minecraft:acacia_planks":100,"minecraft:torch":12}},"DataVersion":3465}