{"stats":{"minecraft:used":{"minecraft:stone_sword":37,"minecraft:spruce_slab":2,"minecraft:stone_pickaxe":90,"minecraft:oak_planks":23,"minecraft:chest":2,"minecraft:spruce_planks":1,"minecraft:wooden_pickaxe":23,"minecraft:rotten_flesh":1,"minecraft:jungle_boat":1,"minecraft:torch":1,"minecraft:dirt":4,"minecraft:mushroom_stew":1,"minecraft:crafting_table":6,"minecraft:blast_furnace":2,"minecraft:white_bed":1,"minecraft:wooden_axe":31,"minecraft:bread":1,"minecraft:melon_slice":18,"minecraft:rooted_dirt":1,"minecraft:crimson_planks":3,"minecraft:barrel":1,"minecraft:stone_axe":108,"minecraft:cobblestone":43,"minecraft:furnace":2,"minecraft:pumpkin_pie":9,"minecraft:cooked_beef":1,"minecraft:coarse_dirt":2},"minecraft:killed_by":{"minecraft:vindicator":1},"minecraft:dropped":{"minecraft:iron_helmet":1,"minecraft:shield":1,"minecraft:iron_leggings":1,"minecraft:jungle_boat":1,"minecraft:stone_pickaxe":1,"minecraft:wooden_pickaxe":1},"minecraft:killed":{"naturalist:zebra":1,"minecraft:husk":7,"minecraft:sheep":6,"minecraft:skeleton":1,"minecraft:zombie":3,"minecraft:cow":1},"minecraft:picked_up":{"minecraft:coarse_dirt":2,"minecraft:crafting_table":1,"minecraft:lilac":2,"minecraft:jungle_log":10,"minecraft:leather":1,"minecraft:smithing_table":1,"minecraft:potion":1,"minecraft:oak_log":9,"minecraft:crimson_planks":3,"minecraft:lapis_lazuli":11,"minecraft:dirt":7,"minecraft:soul_soil":1,"minecraft:bone":2,"minecraft:wheat_seeds":2,"minecraft:rose_bush":1,"minecraft:spruce_planks":16,"minecraft:beef":1,"minecraft:player_head":1,"minecraft:cobweb":2,"minecraft:calcite":2,"minecraft:azalea":1,"minecraft:light_gray_wool":1,"minecraft:spruce_slab":2,"minecraft:melon_slice":29,"minecraft:coal_block":2,"minecraft:furnace":1,"minecraft:book":33,"minecraft:stick":1,"minecraft:raw_iron":25,"minecraft:acacia_log":25,"minecraft:jungle_planks":2,"minecraft:blast_furnace":4,"minecraft:white_bed":1,"minecraft:mangrove_trapdoor":1,"minecraft:dark_oak_planks":2,"minecraft:barrel":1,"minecraft:arrow":2,"minecraft:rotten_flesh":6,"minecraft:stone_axe":1,"minecraft:hay_block":2,"minecraft:painting":1,"minecraft:gray_wool":2,"minecraft:mossy_cobblestone_stairs":1,"minecraft:rooted_dirt":1,"minecraft:oak_sapling":1,"minecraft:mutton":10,"minecraft:glow_berries":1,"minecraft:coal":3,"minecraft:white_wool":3,"minecraft:cobblestone":66},"minecraft:custom":{"minecraft:interact_with_smithing_table":1,"minecraft:interact_with_furnace":5,"minecraft:mob_kills":19,"minecraft:interact_with_crafting_table":21,"minecraft:open_barrel":12,"minecraft:time_since_death":46523,"minecraft:sleep_in_bed":2,"minecraft:climb_one_cm":3842,"minecraft:time_since_rest":4193,"minecraft:sprint_one_cm":106754,"minecraft:damage_taken":980,"minecraft:walk_one_cm":114037,"minecraft:drop":6,"minecraft:damage_dealt":4227,"minecraft:talked_to_villager":2,"minecraft:swim_one_cm":9588,"minecraft:fly_one_cm":212381,"minecraft:open_chest":17,"minecraft:crouch_one_cm":10402,"minecraft:play_time":50925,"minecraft:deaths":1,"minecraft:sneak_time":3507,"minecraft:walk_under_water_one_cm":914,"minecraft:jump":1116,"minecraft:interact_with_blast_furnace":9,"minecraft:walk_on_water_one_cm":3324,"minecraft:total_world_time":50925,"minecraft:fall_one_cm":34157,"minecraft:inspect_dispenser":1},"minecraft:mined":{"minecraft:dark_oak_planks":2,"minecraft:acacia_leaves":11,"minecraft:spruce_planks":21,"minecraft:white_bed":1,"minecraft:crafting_table":1,"minecraft:acacia_log":25,"minecraft:blast_furnace":4,"minecraft:grass_block":2,"minecraft:calcite":2,"minecraft:jungle_planks":4,"minecraft:jungle_log":10,"minecraft:rose_bush":1,"minecraft:mangrove_trapdoor":1,"minecraft:soul_campfire":1,"minecraft:coal_block":2,"minecraft:tall_grass":2,"minecraft:deepslate_coal_ore":1,"minecraft:lapis_ore":2,"minecraft:moss_block":1,"minecraft:rooted_dirt":1,"minecraft:coarse_dirt":2,"minecraft:furnace":1,"minecraft:mossy_cobblestone_stairs":1,"minecraft:iron_ore":25,"minecraft:barrel":1,"minecraft:lilac":2,"minecraft:grass":1,"minecraft:bookshelf":12,"minecraft:coal_ore":2,"minecraft:oak_log":9,"minecraft:vine":2,"minecraft:dirt":6,"minecraft:crimson_planks":4,"minecraft:stone":63,"minecraft:player_head":1,"minecraft:spruce_slab":2},"minecraft:broken":{"minecraft:stone_axe":1},"minecraft:crafted":{"minecraft:cooked_beef":1,"minecraft:oak_planks":36,"minecraft:crafting_table":4,"minecraft:jungle_boat":2,"minecraft:wooden_pickaxe":1,"minecraft:iron_helmet":1,"minecraft:furnace":1,"minecraft:stone_axe":1,"minecraft:air":0,"minecraft:jungle_planks":40,"minecraft:iron_boots":1,"minecraft:shield":2,"minecraft:stick":20,"minecraft:stone_sword":1,"minecraft:iron_ingot":27,"minecraft:stone_pickaxe":2,"minecraft:wooden_axe":1,"minecraft:chest":2,"minecraft:iron_leggings":2,"minecraft:white_bed":1,"minecraft:acacia_planks":100,"minecraft:torch":12}},"DataVersion":3465}