{"stats":{"minecraft:used":{"minecraft:spruce_slab":2,"minecraft:stone_pickaxe":75,"minecraft:oak_planks":23,"minecraft:spruce_planks":1,"minecraft:wooden_pickaxe":23,"minecraft:rotten_flesh":1,"minecraft:jungle_boat":1,"minecraft:dirt":4,"minecraft:crafting_table":3,"minecraft:wooden_axe":31,"minecraft:melon_slice":18,"minecraft:rooted_dirt":1,"minecraft:crimson_planks":3,"minecraft:barrel":1,"minecraft:stone_axe":32,"minecraft:cobblestone":39,"minecraft:furnace":2,"minecraft:cooked_beef":1,"minecraft:coarse_dirt":2},"minecraft:killed_by":{"minecraft:vindicator":1},"minecraft:dropped":{"minecraft:jungle_boat":1,"minecraft:stone_pickaxe":1,"minecraft:wooden_pickaxe":1},"minecraft:killed":{"naturalist:zebra":1,"minecraft:skeleton":1,"minecraft:zombie":3,"minecraft:cow":1},"minecraft:picked_up":{"minecraft:coarse_dirt":2,"minecraft:crafting_table":1,"minecraft:jungle_log":10,"minecraft:leather":1,"minecraft:smithing_table":1,"minecraft:oak_log":9,"minecraft:crimson_planks":3,"minecraft:lapis_lazuli":11,"minecraft:dirt":7,"minecraft:bone":2,"minecraft:spruce_planks":16,"minecraft:beef":1,"minecraft:cobweb":2,"minecraft:azalea":1,"minecraft:spruce_slab":2,"minecraft:melon_slice":29,"minecraft:furnace":1,"minecraft:raw_iron":25,"minecraft:jungle_planks":2,"minecraft:barrel":1,"minecraft:arrow":2,"minecraft:rotten_flesh":1,"minecraft:hay_block":2,"minecraft:rooted_dirt":1,"minecraft:oak_sapling":1,"minecraft:glow_berries":1,"minecraft:coal":2,"minecraft:cobblestone":63},"minecraft:custom":{"minecraft:interact_with_furnace":4,"minecraft:mob_kills":6,"minecraft:interact_with_crafting_table":7,"minecraft:open_barrel":8,"minecraft:time_since_death":22523,"minecraft:climb_one_cm":1276,"minecraft:time_since_rest":22548,"minecraft:sprint_one_cm":55249,"minecraft:damage_taken":580,"minecraft:walk_one_cm":50112,"minecraft:drop":3,"minecraft:damage_dealt":1170,"minecraft:swim_one_cm":9588,"minecraft:fly_one_cm":108622,"minecraft:open_chest":2,"minecraft:crouch_one_cm":7286,"minecraft:play_time":26925,"minecraft:deaths":1,"minecraft:sneak_time":1922,"minecraft:walk_under_water_one_cm":914,"minecraft:jump":658,"minecraft:walk_on_water_one_cm":3115,"minecraft:total_world_time":26925,"minecraft:fall_one_cm":15399,"minecraft:inspect_dispenser":1},"minecraft:mined":{"minecraft:spruce_planks":21,"minecraft:crafting_table":1,"minecraft:grass_block":2,"minecraft:jungle_planks":4,"minecraft:jungle_log":10,"minecraft:tall_grass":2,"minecraft:lapis_ore":2,"minecraft:moss_block":1,"minecraft:rooted_dirt":1,"minecraft:coarse_dirt":2,"minecraft:furnace":1,"minecraft:iron_ore":25,"minecraft:barrel":1,"minecraft:grass":1,"minecraft:coal_ore":2,"minecraft:oak_log":9,"minecraft:vine":2,"minecraft:dirt":6,"minecraft:crimson_planks":4,"minecraft:stone":60,"minecraft:spruce_slab":2},"minecraft:crafted":{"minecraft:cooked_beef":1,"minecraft:oak_planks":36,"minecraft:crafting_table":3,"minecraft:jungle_boat":2,"minecraft:wooden_pickaxe":1,"minecraft:furnace":1,"minecraft:stone_axe":1,"minecraft:air":0,"minecraft:jungle_planks":40,"minecraft:stick":12,"minecraft:stone_pickaxe":2,"minecraft:wooden_axe":1}},"DataVersion":3465}