{"stats":{"minecraft:used":{"minecraft:spruce_slab":2,"minecraft:stone_pickaxe":84,"minecraft:oak_planks":23,"minecraft:chest":2,"minecraft:spruce_planks":1,"minecraft:wooden_pickaxe":23,"minecraft:rotten_flesh":1,"minecraft:jungle_boat":1,"minecraft:dirt":4,"minecraft:crafting_table":5,"minecraft:blast_furnace":2,"minecraft:white_bed":1,"minecraft:wooden_axe":31,"minecraft:melon_slice":18,"minecraft:rooted_dirt":1,"minecraft:crimson_planks":3,"minecraft:barrel":1,"minecraft:stone_axe":72,"minecraft:cobblestone":43,"minecraft:furnace":2,"minecraft:pumpkin_pie":4,"minecraft:cooked_beef":1,"minecraft:coarse_dirt":2},"minecraft:killed_by":{"minecraft:vindicator":1},"minecraft:dropped":{"minecraft:iron_helmet":1,"minecraft:shield":1,"minecraft:iron_leggings":1,"minecraft:jungle_boat":1,"minecraft:stone_pickaxe":1,"minecraft:wooden_pickaxe":1},"minecraft:killed":{"naturalist:zebra":1,"minecraft:sheep":6,"minecraft:skeleton":1,"minecraft:zombie":3,"minecraft:cow":1},"minecraft:picked_up":{"minecraft:coarse_dirt":2,"minecraft:crafting_table":1,"minecraft:jungle_log":10,"minecraft:leather":1,"minecraft:smithing_table":1,"minecraft:potion":1,"minecraft:oak_log":9,"minecraft:crimson_planks":3,"minecraft:lapis_lazuli":11,"minecraft:dirt":7,"minecraft:soul_soil":1,"minecraft:bone":2,"minecraft:spruce_planks":16,"minecraft:beef":1,"minecraft:player_head":1,"minecraft:cobweb":2,"minecraft:calcite":2,"minecraft:azalea":1,"minecraft:light_gray_wool":1,"minecraft:spruce_slab":2,"minecraft:melon_slice":29,"minecraft:coal_block":2,"minecraft:furnace":1,"minecraft:book":33,"minecraft:raw_iron":25,"minecraft:acacia_log":7,"minecraft:jungle_planks":2,"minecraft:blast_furnace":2,"minecraft:dark_oak_planks":2,"minecraft:barrel":1,"minecraft:arrow":2,"minecraft:rotten_flesh":1,"minecraft:hay_block":2,"minecraft:painting":1,"minecraft:gray_wool":2,"minecraft:mossy_cobblestone_stairs":1,"minecraft:rooted_dirt":1,"minecraft:oak_sapling":1,"minecraft:mutton":10,"minecraft:glow_berries":1,"minecraft:coal":3,"minecraft:white_wool":3,"minecraft:cobblestone":63},"minecraft:custom":{"minecraft:interact_with_furnace":5,"minecraft:mob_kills":12,"minecraft:interact_with_crafting_table":13,"minecraft:open_barrel":12,"minecraft:time_since_death":34523,"minecraft:sleep_in_bed":1,"minecraft:climb_one_cm":2359,"minecraft:time_since_rest":5141,"minecraft:sprint_one_cm":76358,"minecraft:damage_taken":720,"minecraft:walk_one_cm":78942,"minecraft:drop":6,"minecraft:damage_dealt":1650,"minecraft:swim_one_cm":9588,"minecraft:fly_one_cm":147104,"minecraft:open_chest":9,"minecraft:crouch_one_cm":7734,"minecraft:play_time":38925,"minecraft:deaths":1,"minecraft:sneak_time":2080,"minecraft:walk_under_water_one_cm":914,"minecraft:jump":844,"minecraft:interact_with_blast_furnace":7,"minecraft:walk_on_water_one_cm":3115,"minecraft:total_world_time":38925,"minecraft:fall_one_cm":22930,"minecraft:inspect_dispenser":1},"minecraft:mined":{"minecraft:dark_oak_planks":2,"minecraft:acacia_leaves":11,"minecraft:spruce_planks":21,"minecraft:crafting_table":1,"minecraft:acacia_log":7,"minecraft:blast_furnace":2,"minecraft:grass_block":2,"minecraft:calcite":2,"minecraft:jungle_planks":4,"minecraft:jungle_log":10,"minecraft:soul_campfire":1,"minecraft:coal_block":2,"minecraft:tall_grass":2,"minecraft:deepslate_coal_ore":1,"minecraft:lapis_ore":2,"minecraft:moss_block":1,"minecraft:rooted_dirt":1,"minecraft:coarse_dirt":2,"minecraft:furnace":1,"minecraft:mossy_cobblestone_stairs":1,"minecraft:iron_ore":25,"minecraft:barrel":1,"minecraft:grass":1,"minecraft:bookshelf":12,"minecraft:coal_ore":2,"minecraft:oak_log":9,"minecraft:vine":2,"minecraft:dirt":6,"minecraft:crimson_planks":4,"minecraft:stone":60,"minecraft:player_head":1,"minecraft:spruce_slab":2},"minecraft:crafted":{"minecraft:cooked_beef":1,"minecraft:oak_planks":36,"minecraft:crafting_table":3,"minecraft:jungle_boat":2,"minecraft:wooden_pickaxe":1,"minecraft:iron_helmet":1,"minecraft:furnace":1,"minecraft:stone_axe":1,"minecraft:air":0,"minecraft:jungle_planks":40,"minecraft:iron_boots":1,"minecraft:shield":2,"minecraft:stick":12,"minecraft:iron_ingot":25,"minecraft:stone_pickaxe":2,"minecraft:wooden_axe":1,"minecraft:chest":2,"minecraft:iron_leggings":2,"minecraft:white_bed":1,"minecraft:acacia_planks":28}},"DataVersion":3465}