{"stats":{"minecraft:used":{"minecraft:stone_axe":9,"minecraft:crafting_table":3,"minecraft:wooden_pickaxe":22},"minecraft:dropped":{"minecraft:cobblestone":2,"minecraft:stone_axe":1},"minecraft:picked_up":{"minecraft:crafting_table":2,"minecraft:oak_log":11,"minecraft:oak_sapling":3,"minecraft:coal":8,"minecraft:cobblestone":14},"minecraft:custom":{"minecraft:time_since_rest":5752,"minecraft:play_time":5752,"minecraft:sprint_one_cm":6462,"minecraft:damage_taken":20,"minecraft:walk_one_cm":18764,"minecraft:drop":2,"minecraft:jump":35,"minecraft:time_since_death":5752,"minecraft:total_world_time":5752,"minecraft:fall_one_cm":879,"minecraft:interact_with_crafting_table":5,"minecraft:fly_one_cm":4840},"minecraft:mined":{"minecraft:oak_log":13,"minecraft:coal_ore":8,"minecraft:stone":14,"minecraft:crafting_table":2,"minecraft:oak_leaves":2},"minecraft:crafted":{"minecraft:oak_boat":1,"minecraft:oak_planks":44,"minecraft:crafting_table":1,"minecraft:stone_axe":2,"minecraft:stick":12,"minecraft:wooden_pickaxe":1,"minecraft:stone_pickaxe":1}},"DataVersion":3465}