{"stats":{"minecraft:killed_by":{"minecraft:vindicator":1},"minecraft:used":{"minecraft:stone_sword":129,"minecraft:chest":4,"minecraft:iron_sword":246,"minecraft:stone_hoe":47,"minecraft:torch":44,"minecraft:brewing_stand":1,"minecraft:dirt":14,"minecraft:jungle_planks":2,"minecraft:jungle_trapdoor":5,"minecraft:spruce_fence":2,"minecraft:wooden_axe":5,"minecraft:iron_axe":154,"minecraft:jungle_log":2,"minecraft:smooth_quartz":1,"minecraft:crimson_planks":1,"minecraft:item_frame":1,"minecraft:tripwire_hook":4,"minecraft:golden_carrot":6,"minecraft:furnace":1,"minecraft:egg":1,"minecraft:mossy_stone_bricks":1,"minecraft:water_bucket":10,"minecraft:damaged_anvil":1,"minecraft:birch_planks":2,"minecraft:stone_pickaxe":207,"minecraft:gray_carpet":2,"minecraft:dark_oak_sign":3,"minecraft:sugar_cane":3,"minecraft:jungle_boat":1,"minecraft:golden_apple":1,"minecraft:mangrove_trapdoor":1,"minecraft:crafting_table":5,"minecraft:mushroom_stew":1,"minecraft:blast_furnace":1,"minecraft:painting":1,"minecraft:shears":2,"minecraft:cake":2,"minecraft:lever":2,"minecraft:map":1,"minecraft:bread":23,"minecraft:melon_slice":46,"minecraft:cyan_bed":6,"minecraft:string":6,"minecraft:cyan_carpet":2,"minecraft:stone_axe":44,"minecraft:diamond_sword":131,"minecraft:cobblestone":79,"minecraft:potion":1,"minecraft:bucket":11,"minecraft:pumpkin_pie":3},"minecraft:dropped":{"minecraft:iron_sword":1,"minecraft:wheat_seeds":1,"minecraft:glass_bottle":1,"minecraft:cobblestone":11,"irons_spellbooks:scroll":1,"minecraft:torch":6,"minecraft:melon_slice":29,"minecraft:rose_bush":1,"irons_spellbooks:arcane_essence":7,"minecraft:stone_axe":1,"minecraft:bowl":1,"irons_spellbooks:graybeard_staff":1,"minecraft:chainmail_chestplate":1,"minecraft:filled_map":1,"minecraft:diamond_sword":1},"minecraft:killed":{"minecraft:cave_spider":6,"minecraft:spider":4,"minecraft:skeleton":5,"minecraft:husk":41,"minecraft:zombie_villager":1,"minecraft:creeper":1,"minecraft:zombie":8,"minecraft:wither_skeleton":32},"minecraft:picked_up":{"irons_spellbooks:scroll":1,"minecraft:crafting_table":3,"minecraft:diamond_sword":4,"minecraft:potion":1,"minecraft:crimson_planks":2,"minecraft:brewing_stand":1,"minecraft:shield":2,"minecraft:jungle_trapdoor":2,"minecraft:string":13,"minecraft:raw_copper":20,"irons_spellbooks:graybeard_staff":1,"minecraft:iron_leggings":1,"minecraft:item_frame":1,"minecraft:cyan_carpet":7,"irons_spellbooks:arcane_essence":7,"minecraft:spruce_planks":18,"minecraft:calcite":2,"minecraft:smooth_quartz":3,"minecraft:melon_slice":89,"minecraft:sugar_cane":5,"minecraft:egg":1,"minecraft:raw_iron":38,"minecraft:stick":5,"minecraft:torch":13,"minecraft:acacia_log":46,"minecraft:spruce_fence":4,"sophisticatedbackpacks:backpack":1,"minecraft:cake":1,"minecraft:dark_oak_planks":4,"minecraft:stone_sword":1,"minecraft:arrow":11,"minecraft:rotten_flesh":54,"minecraft:pumpkin_pie":4,"minecraft:hay_block":52,"minecraft:gold_ingot":2,"minecraft:cobblestone":121,"minecraft:jungle_boat":1,"minecraft:tripwire_hook":2,"minecraft:jungle_log":17,"minecraft:red_mushroom":1,"minecraft:mushroom_stew":2,"minecraft:wither_skeleton_skull":1,"minecraft:dirt":20,"minecraft:bone":44,"minecraft:acacia_planks":3,"minecraft:gray_carpet":2,"minecraft:wheat_seeds":71,"minecraft:birch_wood":6,"minecraft:iron_ingot":19,"minecraft:stone_pickaxe":2,"minecraft:dark_oak_sign":6,"minecraft:mossy_stone_bricks":1,"minecraft:bamboo":9,"minecraft:moss_block":2,"minecraft:iron_sword":1,"minecraft:book":63,"minecraft:sand":1,"minecraft:jungle_planks":20,"minecraft:blast_furnace":2,"minecraft:cyan_bed":9,"minecraft:spider_eye":3,"minecraft:mossy_cobblestone":2,"minecraft:stone_axe":1,"minecraft:lever":1,"minecraft:iron_helmet":1,"minecraft:golden_apple":1,"minecraft:damaged_anvil":1,"minecraft:coal":100},"minecraft:custom":{"minecraft:interact_with_smithing_table":1,"minecraft:mob_kills":101,"minecraft:interact_with_crafting_table":33,"minecraft:open_barrel":8,"minecraft:damage_dealt_resisted":4112,"minecraft:eat_cake_slice":1,"minecraft:time_since_death":80953,"minecraft:climb_one_cm":4586,"minecraft:sprint_one_cm":189812,"minecraft:walk_one_cm":441361,"minecraft:drop":15,"minecraft:deaths":2,"minecraft:play_time":112021,"minecraft:sneak_time":738,"minecraft:walk_under_water_one_cm":3995,"minecraft:jump":1994,"minecraft:interact_with_blast_furnace":8,"minecraft:walk_on_water_one_cm":10441,"minecraft:total_world_time":112021,"minecraft:interact_with_furnace":4,"minecraft:sleep_in_bed":5,"minecraft:time_since_rest":23635,"minecraft:damage_taken":3333,"minecraft:damage_absorbed":40,"minecraft:damage_dealt":30944,"minecraft:swim_one_cm":16735,"minecraft:fly_one_cm":374569,"minecraft:open_chest":96,"minecraft:crouch_one_cm":2673,"minecraft:fall_one_cm":40464,"minecraft:inspect_dispenser":1},"minecraft:mined":{"minecraft:dark_oak_planks":5,"minecraft:spruce_planks":8,"minecraft:mossy_cobblestone":2,"minecraft:brewing_stand":1,"minecraft:cave_vines_plant":1,"minecraft:lever":1,"minecraft:spruce_fence":4,"minecraft:acacia_log":46,"minecraft:grass_block":10,"minecraft:jungle_log":17,"minecraft:moss_block":2,"minecraft:spawner":13,"minecraft:hay_block":54,"minecraft:iron_ore":21,"minecraft:bookshelf":11,"minecraft:cave_vines":1,"minecraft:bamboo":1,"minecraft:azalea":1,"minecraft:stone":69,"minecraft:tripwire":4,"minecraft:jungle_trapdoor":2,"minecraft:smithing_table":1,"minecraft:acacia_leaves":11,"minecraft:crafting_table":2,"minecraft:torch":1,"minecraft:blast_furnace":1,"minecraft:calcite":2,"minecraft:melon":14,"minecraft:dead_bush":1,"minecraft:cobblestone":27,"minecraft:tall_grass":18,"minecraft:copper_ore":3,"minecraft:birch_wood":6,"minecraft:cyan_bed":7,"minecraft:damaged_anvil":1,"minecraft:sugar_cane":2,"minecraft:wall_torch":1,"minecraft:wheat":6,"minecraft:grass":550,"minecraft:coal_ore":46,"minecraft:smooth_quartz":7,"minecraft:crimson_planks":1,"minecraft:cyan_carpet":3,"minecraft:gravel":1,"minecraft:sand":1,"minecraft:dirt":4,"minecraft:gray_carpet":2,"minecraft:acacia_planks":2,"minecraft:tripwire_hook":2,"minecraft:mossy_stone_bricks":1,"minecraft:fern":1},"minecraft:broken":{"minecraft:stone_sword":1,"minecraft:stone_pickaxe":1},"minecraft:crafted":{"irons_spellbooks:wandering_magician_helmet":1,"minecraft:tripwire_hook":2,"minecraft:leather_leggings":1,"irons_spellbooks:wandering_magician_leggings":1,"minecraft:furnace":1,"minecraft:jungle_trapdoor":4,"minecraft:lever":1,"irons_spellbooks:graybeard_staff":1,"minecraft:iron_axe":1,"minecraft:stone_pickaxe":1,"minecraft:chest":4,"minecraft:stone_hoe":1,"minecraft:wooden_shovel":1,"minecraft:crafting_table":4,"minecraft:iron_sword":2,"minecraft:leather_helmet":2,"minecraft:birch_planks":24,"minecraft:bucket":1,"minecraft:stone_axe":1,"minecraft:air":0,"minecraft:jungle_planks":60,"minecraft:iron_chestplate":1,"minecraft:shield":1,"minecraft:stick":24,"minecraft:iron_ingot":16,"minecraft:iron_pickaxe":1,"minecraft:wooden_axe":1,"minecraft:stone_sword":1,"minecraft:acacia_planks":184,"irons_spellbooks:wandering_magician_boots":1,"minecraft:torch":32,"minecraft:shears":1}},"DataVersion":3465}