{"stats":{"minecraft:killed_by":{"minecraft:wither_skeleton":2,"minecraft:vindicator":1},"minecraft:used":{"minecraft:stone_sword":129,"minecraft:shield":18,"minecraft:chest":5,"minecraft:iron_sword":246,"minecraft:stone_hoe":47,"minecraft:torch":85,"minecraft:brewing_stand":1,"minecraft:dirt":14,"minecraft:jungle_planks":2,"minecraft:jungle_trapdoor":5,"minecraft:spruce_fence":2,"minecraft:dark_oak_planks":1,"minecraft:wooden_axe":5,"minecraft:chipped_anvil":1,"minecraft:iron_axe":175,"minecraft:jungle_log":2,"minecraft:smooth_quartz":8,"minecraft:crimson_planks":1,"minecraft:item_frame":1,"minecraft:tripwire_hook":4,"minecraft:golden_carrot":11,"minecraft:furnace":1,"minecraft:egg":1,"minecraft:mossy_stone_bricks":1,"minecraft:water_bucket":10,"minecraft:damaged_anvil":1,"minecraft:birch_planks":16,"minecraft:stone_pickaxe":231,"minecraft:gray_carpet":2,"minecraft:dark_oak_sign":3,"minecraft:sugar_cane":3,"minecraft:jungle_boat":1,"minecraft:golden_apple":1,"minecraft:mangrove_trapdoor":1,"minecraft:crafting_table":5,"minecraft:mushroom_stew":1,"minecraft:blast_furnace":1,"minecraft:painting":1,"minecraft:shears":2,"minecraft:cake":2,"minecraft:lever":2,"minecraft:map":1,"minecraft:bread":42,"minecraft:melon_slice":46,"minecraft:cyan_bed":6,"minecraft:string":6,"minecraft:cyan_carpet":2,"minecraft:stone_slab":1,"minecraft:stone_axe":44,"minecraft:diamond_sword":334,"minecraft:cobblestone":81,"minecraft:potion":1,"minecraft:bucket":11,"minecraft:pumpkin_pie":3},"minecraft:dropped":{"minecraft:bread":64,"minecraft:iron_sword":1,"minecraft:wheat_seeds":1,"minecraft:glass_bottle":1,"minecraft:cobblestone":11,"irons_spellbooks:scroll":1,"minecraft:torch":110,"minecraft:melon_slice":29,"minecraft:rose_bush":1,"irons_spellbooks:arcane_essence":7,"minecraft:stone_axe":1,"minecraft:bowl":1,"irons_spellbooks:graybeard_staff":1,"minecraft:chainmail_chestplate":1,"minecraft:filled_map":1,"minecraft:diamond_sword":4},"minecraft:killed":{"minecraft:cave_spider":7,"minecraft:spider":12,"minecraft:skeleton":7,"minecraft:husk":41,"minecraft:zombie_villager":1,"minecraft:creeper":1,"minecraft:zombie":9,"minecraft:wither_skeleton":53},"minecraft:picked_up":{"irons_spellbooks:scroll":1,"minecraft:iron_chestplate":3,"minecraft:crafting_table":3,"minecraft:wheat":78,"minecraft:chainmail_boots":1,"irons_spellbooks:wandering_magician_leggings":1,"minecraft:stone_slab":1,"minecraft:diamond_sword":12,"minecraft:potion":1,"minecraft:crimson_planks":2,"minecraft:brewing_stand":1,"minecraft:shield":6,"minecraft:jungle_trapdoor":2,"minecraft:string":30,"minecraft:raw_copper":20,"irons_spellbooks:graybeard_staff":1,"minecraft:iron_leggings":1,"minecraft:item_frame":1,"minecraft:iron_shovel":1,"minecraft:cyan_carpet":8,"irons_spellbooks:arcane_essence":7,"minecraft:bucket":2,"minecraft:spruce_planks":29,"minecraft:calcite":2,"minecraft:iron_pickaxe":1,"minecraft:smooth_quartz":12,"minecraft:coal_block":7,"minecraft:melon_slice":89,"minecraft:sugar_cane":5,"minecraft:chest":1,"minecraft:iron_boots":2,"minecraft:egg":1,"minecraft:raw_iron":38,"minecraft:stick":5,"minecraft:torch":303,"minecraft:acacia_log":46,"minecraft:spruce_fence":5,"sophisticatedbackpacks:backpack":4,"minecraft:cake":1,"minecraft:redstone":2,"minecraft:dark_oak_planks":8,"minecraft:stone_sword":1,"minecraft:arrow":42,"minecraft:rotten_flesh":62,"minecraft:pumpkin_pie":10,"minecraft:hay_block":52,"minecraft:saddle":1,"irons_spellbooks:wandering_magician_helmet":1,"minecraft:gold_ingot":6,"minecraft:white_wool":1,"minecraft:cobblestone":136,"minecraft:enchanting_table":1,"minecraft:jungle_boat":1,"minecraft:golden_carrot":10,"minecraft:tripwire_hook":2,"minecraft:jungle_log":17,"minecraft:leather":1,"minecraft:red_mushroom":1,"minecraft:birch_planks":64,"minecraft:mushroom_stew":2,"minecraft:chainmail_chestplate":1,"minecraft:gunpowder":7,"minecraft:wither_skeleton_skull":1,"minecraft:dirt":20,"minecraft:name_tag":10,"minecraft:bone":124,"minecraft:chipped_anvil":2,"minecraft:acacia_planks":55,"minecraft:gray_carpet":2,"minecraft:wheat_seeds":71,"minecraft:birch_wood":15,"minecraft:iron_ingot":22,"minecraft:stone_pickaxe":4,"minecraft:dark_oak_sign":6,"minecraft:stone_hoe":1,"minecraft:mossy_stone_bricks":1,"minecraft:bamboo":9,"minecraft:moss_block":2,"minecraft:iron_sword":2,"minecraft:book":68,"minecraft:sand":1,"minecraft:jungle_planks":20,"minecraft:blast_furnace":2,"minecraft:cyan_bed":9,"minecraft:spider_eye":9,"minecraft:mossy_cobblestone":2,"minecraft:stone_axe":1,"minecraft:lever":1,"minecraft:chainmail_leggings":5,"minecraft:iron_helmet":1,"minecraft:golden_apple":2,"minecraft:emerald":12,"minecraft:bread":270,"minecraft:chainmail_helmet":6,"minecraft:damaged_anvil":1,"minecraft:coal":144},"minecraft:custom":{"minecraft:interact_with_smithing_table":1,"minecraft:interact_with_anvil":2,"minecraft:mob_kills":134,"minecraft:interact_with_crafting_table":36,"minecraft:open_barrel":8,"minecraft:damage_dealt_resisted":6432,"minecraft:eat_cake_slice":1,"minecraft:time_since_death":704,"minecraft:climb_one_cm":4586,"minecraft:sprint_one_cm":230483,"minecraft:walk_one_cm":538330,"minecraft:damage_blocked_by_shield":532,"minecraft:drop":22,"minecraft:deaths":5,"minecraft:play_time":136021,"minecraft:sneak_time":1863,"minecraft:walk_under_water_one_cm":6623,"minecraft:jump":2228,"minecraft:interact_with_blast_furnace":8,"minecraft:walk_on_water_one_cm":12166,"minecraft:total_world_time":136021,"minecraft:interact_with_furnace":4,"minecraft:sleep_in_bed":6,"minecraft:time_since_rest":760,"minecraft:damage_taken":5343,"minecraft:damage_absorbed":40,"minecraft:damage_dealt":44962,"minecraft:swim_one_cm":18580,"minecraft:fly_one_cm":399199,"minecraft:open_chest":115,"minecraft:crouch_one_cm":5256,"minecraft:fall_one_cm":43644,"minecraft:inspect_dispenser":1},"minecraft:mined":{"minecraft:dark_oak_planks":7,"minecraft:spruce_planks":8,"minecraft:mossy_cobblestone":2,"minecraft:brewing_stand":1,"minecraft:cave_vines_plant":1,"minecraft:lever":1,"minecraft:spruce_fence":5,"minecraft:acacia_log":46,"minecraft:grass_block":10,"minecraft:jungle_log":17,"minecraft:coal_block":5,"minecraft:moss_block":2,"minecraft:spawner":18,"minecraft:hay_block":54,"minecraft:iron_ore":21,"minecraft:enchanting_table":1,"minecraft:bookshelf":11,"minecraft:cave_vines":1,"minecraft:bamboo":1,"minecraft:azalea":1,"minecraft:stone":69,"minecraft:tripwire":4,"minecraft:jungle_trapdoor":2,"minecraft:smithing_table":1,"minecraft:acacia_leaves":11,"minecraft:crafting_table":2,"minecraft:torch":1,"minecraft:blast_furnace":1,"minecraft:calcite":2,"minecraft:melon":14,"minecraft:dead_bush":1,"minecraft:stone_slab":1,"minecraft:cobblestone":30,"minecraft:tall_grass":18,"minecraft:copper_ore":3,"minecraft:birch_wood":15,"minecraft:cyan_bed":7,"minecraft:damaged_anvil":1,"minecraft:sugar_cane":2,"minecraft:wall_torch":3,"minecraft:birch_planks":10,"minecraft:wheat":6,"minecraft:grass":550,"minecraft:coal_ore":46,"minecraft:smooth_quartz":9,"minecraft:crimson_planks":1,"minecraft:cyan_carpet":3,"minecraft:gravel":1,"minecraft:sand":1,"minecraft:dirt":4,"minecraft:gray_carpet":2,"minecraft:acacia_planks":6,"minecraft:tripwire_hook":2,"minecraft:mossy_stone_bricks":1,"minecraft:chipped_anvil":2,"minecraft:fern":1},"minecraft:broken":{"minecraft:stone_sword":1,"minecraft:stone_pickaxe":1,"minecraft:iron_axe":1},"minecraft:crafted":{"irons_spellbooks:wandering_magician_helmet":1,"minecraft:coal":63,"minecraft:tripwire_hook":2,"minecraft:leather_leggings":1,"irons_spellbooks:wandering_magician_leggings":1,"minecraft:furnace":1,"minecraft:jungle_trapdoor":4,"minecraft:lever":1,"irons_spellbooks:graybeard_staff":1,"minecraft:iron_axe":1,"minecraft:stone_pickaxe":1,"minecraft:chest":4,"minecraft:stone_hoe":1,"minecraft:wheat":423,"minecraft:wooden_shovel":1,"minecraft:crafting_table":4,"minecraft:iron_sword":2,"minecraft:leather_helmet":2,"minecraft:birch_planks":60,"minecraft:bucket":1,"minecraft:stone_axe":1,"minecraft:bread":128,"minecraft:air":0,"minecraft:jungle_planks":60,"minecraft:iron_chestplate":1,"minecraft:shield":1,"minecraft:stick":72,"minecraft:iron_ingot":16,"minecraft:iron_pickaxe":1,"minecraft:wooden_axe":1,"minecraft:stone_sword":1,"minecraft:acacia_planks":184,"irons_spellbooks:wandering_magician_boots":1,"minecraft:torch":232,"minecraft:shears":1}},"DataVersion":3465}