{"stats":{"minecraft:killed_by":{"minecraft:vindicator":1},"minecraft:used":{"minecraft:wooden_axe":5,"minecraft:stone_sword":11,"minecraft:melon_slice":17,"minecraft:stone_pickaxe":25,"minecraft:jungle_log":2,"minecraft:crimson_planks":1,"minecraft:jungle_boat":1,"minecraft:stone_axe":2,"minecraft:torch":17,"minecraft:cobblestone":3,"minecraft:crafting_table":2,"minecraft:jungle_planks":2,"minecraft:jungle_trapdoor":1},"minecraft:killed":{"minecraft:skeleton":1,"minecraft:zombie":2,"minecraft:zombie_villager":1,"minecraft:spider":1},"minecraft:picked_up":{"minecraft:crafting_table":1,"minecraft:jungle_boat":1,"minecraft:jungle_log":17,"minecraft:torch":1,"minecraft:sand":1,"minecraft:jungle_planks":2,"minecraft:crimson_planks":2,"minecraft:mossy_cobblestone":2,"minecraft:string":2,"minecraft:rotten_flesh":3,"minecraft:wheat_seeds":1,"minecraft:spruce_planks":7,"minecraft:hay_block":5,"minecraft:stone_pickaxe":1,"minecraft:bamboo":9,"minecraft:moss_block":2,"minecraft:melon_slice":75,"minecraft:sugar_cane":2,"minecraft:coal":4,"minecraft:cobblestone":15},"minecraft:custom":{"minecraft:time_since_rest":10734,"minecraft:sprint_one_cm":35879,"minecraft:damage_taken":465,"minecraft:walk_one_cm":43665,"minecraft:mob_kills":5,"minecraft:damage_dealt":541,"minecraft:swim_one_cm":3882,"minecraft:interact_with_crafting_table":3,"minecraft:fly_one_cm":86556,"minecraft:open_barrel":6,"minecraft:open_chest":2,"minecraft:crouch_one_cm":354,"minecraft:play_time":16021,"minecraft:deaths":1,"minecraft:sneak_time":118,"minecraft:walk_under_water_one_cm":2248,"minecraft:jump":396,"minecraft:walk_on_water_one_cm":1585,"minecraft:time_since_death":10689,"minecraft:climb_one_cm":494,"minecraft:total_world_time":16021,"minecraft:fall_one_cm":13311,"minecraft:inspect_dispenser":1},"minecraft:mined":{"minecraft:smithing_table":1,"minecraft:hay_block":7,"minecraft:spruce_planks":5,"minecraft:mossy_cobblestone":2,"minecraft:crafting_table":1,"minecraft:grass":11,"minecraft:coal_ore":4,"minecraft:melon":14,"minecraft:jungle_log":17,"minecraft:sand":1,"minecraft:crimson_planks":1,"minecraft:cobblestone":7,"minecraft:mossy_stone_bricks":1,"minecraft:bamboo":1,"minecraft:moss_block":2,"minecraft:stone":8,"minecraft:sugar_cane":1,"minecraft:fern":1},"minecraft:crafted":{"minecraft:crafting_table":2,"minecraft:stick":12,"minecraft:wooden_axe":1,"minecraft:stone_sword":1,"minecraft:jungle_trapdoor":2,"minecraft:torch":16,"minecraft:stone_axe":1,"minecraft:jungle_planks":60}},"DataVersion":3465}