{"stats":{"minecraft:used":{"minecraft:iron_sword":21,"minecraft:shield":2,"minecraft:wooden_pickaxe":28,"minecraft:green_bed":4,"minecraft:cracked_stone_bricks":1,"minecraft:dirt":4,"minecraft:crafting_table":7,"minecraft:blast_furnace":1,"minecraft:dripstone_block":5,"minecraft:granite":9,"minecraft:spruce_boat":1,"minecraft:bread":22,"minecraft:iron_pickaxe":110,"minecraft:leather_helmet":1,"minecraft:stone_bricks":4,"minecraft:stone_axe":66,"minecraft:cobblestone":29,"minecraft:goat_horn":1,"minecraft:furnace":1,"minecraft:oak_sapling":5,"minecraft:oak_boat":3,"minecraft:experience_bottle":2},"minecraft:killed_by":{"minecraft:player":1},"minecraft:dropped":{"minecraft:bread":24,"minecraft:stone_axe":1,"cataclysm:lionfish":1,"minecraft:cobblestone":5,"minecraft:rotten_flesh":2,"minecraft:lantern":1,"irons_spellbooks:scroll":2,"minecraft:dirt":1,"minecraft:shield":1,"aquaculture:bluegill":1,"minecraft:iron_chestplate":1,"minecraft:beetroot_seeds":10,"minecraft:oak_sapling":3,"minecraft:leather_leggings":1,"minecraft:stone_pickaxe":1,"minecraft:wooden_pickaxe":1,"minecraft:iron_pickaxe":1},"minecraft:killed":{"cataclysm:deepling_angler":1,"aquaculture:bluegill":1,"minecraft:vindicator":1,"minecraft:creeper":1,"minecraft:pillager":5,"minecraft:zombie":3,"naturalist:catfish":1},"minecraft:picked_up":{"minecraft:crafting_table":4,"minecraft:clock":1,"minecraft:smithing_table":1,"minecraft:lead":1,"minecraft:gold_block":1,"minecraft:stripped_spruce_wood":4,"minecraft:tuff":14,"minecraft:oak_log":11,"minecraft:lily_pad":5,"minecraft:brewing_stand":1,"minecraft:gunpowder":1,"minecraft:dirt":5,"minecraft:lantern":1,"minecraft:item_frame":2,"minecraft:stone_bricks":4,"minecraft:cracked_stone_bricks":1,"aquaculture:bluegill":1,"minecraft:oak_boat":1,"naturalist:catfish":1,"minecraft:sugar_cane":4,"minecraft:coal_block":2,"minecraft:furnace":1,"minecraft:book":69,"minecraft:raw_iron":8,"minecraft:glow_item_frame":1,"minecraft:green_bed":5,"sophisticatedbackpacks:backpack":1,"minecraft:dripstone_block":5,"minecraft:blast_furnace":2,"minecraft:spruce_log":9,"cataclysm:lionfish":1,"minecraft:rotten_flesh":1,"minecraft:slime_ball":1,"minecraft:crossbow":1,"minecraft:granite":9,"minecraft:bread":10,"minecraft:saddle":1,"minecraft:emerald":4,"minecraft:oak_sapling":8,"minecraft:iron_bars":1,"minecraft:coal":36,"minecraft:cobblestone":69},"minecraft:custom":{"minecraft:interact_with_furnace":1,"minecraft:mob_kills":13,"minecraft:interact_with_crafting_table":20,"minecraft:open_barrel":7,"minecraft:time_since_death":4020,"minecraft:sleep_in_bed":4,"minecraft:climb_one_cm":1038,"minecraft:time_since_rest":4398,"minecraft:sprint_one_cm":53566,"minecraft:damage_taken":1341,"minecraft:walk_one_cm":221674,"minecraft:damage_blocked_by_shield":60,"minecraft:drop":34,"minecraft:damage_dealt":2346,"minecraft:damage_dealt_absorbed":40,"minecraft:swim_one_cm":34610,"minecraft:talked_to_villager":7,"minecraft:fly_one_cm":100300,"minecraft:open_chest":20,"minecraft:crouch_one_cm":4011,"minecraft:play_time":65752,"minecraft:deaths":1,"minecraft:interact_with_lectern":1,"minecraft:sneak_time":1340,"minecraft:walk_under_water_one_cm":14513,"minecraft:boat_one_cm":51804,"minecraft:jump":976,"minecraft:interact_with_blast_furnace":7,"minecraft:walk_on_water_one_cm":24959,"minecraft:total_world_time":65752,"minecraft:fall_one_cm":21311},"minecraft:mined":{"minecraft:smithing_table":1,"minecraft:tuff":14,"minecraft:mangrove_roots":1,"minecraft:brewing_stand":1,"minecraft:crafting_table":4,"minecraft:granite":9,"minecraft:blast_furnace":2,"minecraft:emerald_ore":3,"minecraft:grass_block":4,"minecraft:coal_block":2,"minecraft:deepslate_coal_ore":6,"minecraft:sugar_cane":1,"minecraft:large_fern":1,"minecraft:furnace":1,"minecraft:stripped_spruce_wood":4,"minecraft:spruce_log":10,"minecraft:gold_block":1,"minecraft:grass":3,"minecraft:bookshelf":18,"minecraft:oak_log":13,"minecraft:coal_ore":8,"minecraft:deepslate_iron_ore":8,"minecraft:iron_bars":1,"minecraft:dripstone_block":5,"minecraft:dirt":1,"minecraft:cracked_stone_bricks":1,"minecraft:stone_bricks":4,"minecraft:stone":70,"minecraft:oak_leaves":2,"minecraft:green_bed":5},"minecraft:crafted":{"minecraft:oak_planks":44,"minecraft:crafting_table":5,"minecraft:spruce_planks":52,"minecraft:wooden_pickaxe":1,"minecraft:iron_sword":1,"minecraft:stone_axe":2,"minecraft:bread":13,"minecraft:air":0,"minecraft:oak_boat":2,"minecraft:iron_chestplate":1,"minecraft:iron_boots":1,"minecraft:shield":2,"minecraft:stick":16,"minecraft:iron_ingot":8,"minecraft:stone_pickaxe":1,"minecraft:spruce_boat":1}},"DataVersion":3465}