{"stats":{"minecraft:used":{"minecraft:wooden_pickaxe":28,"minecraft:green_bed":3,"minecraft:dirt":1,"minecraft:crafting_table":5,"minecraft:dripstone_block":5,"minecraft:granite":9,"minecraft:bread":13,"minecraft:iron_pickaxe":40,"minecraft:leather_helmet":1,"minecraft:stone_axe":47,"minecraft:cobblestone":13,"minecraft:oak_sapling":3,"minecraft:oak_boat":3},"minecraft:dropped":{"minecraft:bread":14,"minecraft:stone_axe":1,"cataclysm:lionfish":1,"minecraft:cobblestone":5,"minecraft:rotten_flesh":1,"minecraft:lantern":1,"minecraft:beetroot_seeds":10,"minecraft:leather_leggings":1,"minecraft:wooden_pickaxe":1,"minecraft:iron_pickaxe":1},"minecraft:killed":{"cataclysm:deepling_angler":1,"aquaculture:bluegill":1,"minecraft:zombie":3,"naturalist:catfish":1},"minecraft:picked_up":{"minecraft:crafting_table":4,"minecraft:clock":1,"minecraft:smithing_table":1,"minecraft:lead":1,"minecraft:oak_log":11,"minecraft:lily_pad":5,"minecraft:brewing_stand":1,"minecraft:dirt":4,"minecraft:lantern":1,"minecraft:item_frame":2,"aquaculture:bluegill":1,"minecraft:oak_boat":1,"naturalist:catfish":1,"minecraft:sugar_cane":4,"minecraft:coal_block":2,"minecraft:book":27,"minecraft:raw_iron":8,"minecraft:glow_item_frame":1,"minecraft:green_bed":4,"minecraft:dripstone_block":5,"minecraft:blast_furnace":1,"minecraft:spruce_log":6,"cataclysm:lionfish":1,"minecraft:rotten_flesh":1,"minecraft:slime_ball":1,"minecraft:granite":9,"minecraft:bread":10,"minecraft:saddle":1,"minecraft:emerald":1,"minecraft:oak_sapling":3,"minecraft:coal":14,"minecraft:cobblestone":27},"minecraft:custom":{"minecraft:mob_kills":6,"minecraft:interact_with_crafting_table":7,"minecraft:open_barrel":1,"minecraft:time_since_death":41752,"minecraft:sleep_in_bed":3,"minecraft:climb_one_cm":96,"minecraft:time_since_rest":1465,"minecraft:sprint_one_cm":37963,"minecraft:damage_taken":682,"minecraft:walk_one_cm":137996,"minecraft:drop":24,"minecraft:damage_dealt":717,"minecraft:damage_dealt_absorbed":40,"minecraft:swim_one_cm":32805,"minecraft:talked_to_villager":7,"minecraft:fly_one_cm":65407,"minecraft:open_chest":18,"minecraft:crouch_one_cm":1911,"minecraft:play_time":41752,"minecraft:sneak_time":655,"minecraft:walk_under_water_one_cm":12470,"minecraft:boat_one_cm":51804,"minecraft:jump":618,"minecraft:interact_with_blast_furnace":1,"minecraft:walk_on_water_one_cm":19356,"minecraft:total_world_time":41752,"minecraft:fall_one_cm":14471},"minecraft:mined":{"minecraft:smithing_table":1,"minecraft:mangrove_roots":1,"minecraft:brewing_stand":1,"minecraft:crafting_table":4,"minecraft:granite":9,"minecraft:blast_furnace":1,"minecraft:emerald_ore":1,"minecraft:grass_block":3,"minecraft:coal_block":2,"minecraft:deepslate_coal_ore":6,"minecraft:sugar_cane":1,"minecraft:large_fern":1,"minecraft:spruce_log":7,"minecraft:grass":1,"minecraft:bookshelf":9,"minecraft:oak_log":13,"minecraft:coal_ore":8,"minecraft:deepslate_iron_ore":8,"minecraft:dripstone_block":5,"minecraft:dirt":1,"minecraft:stone":27,"minecraft:oak_leaves":2,"minecraft:green_bed":4},"minecraft:crafted":{"minecraft:oak_planks":44,"minecraft:crafting_table":3,"minecraft:spruce_planks":24,"minecraft:wooden_pickaxe":1,"minecraft:stone_axe":2,"minecraft:oak_boat":2,"minecraft:stick":12,"minecraft:stone_pickaxe":1}},"DataVersion":3465}