{"stats":{"minecraft:killed_by":{"minecraft:player":1,"minecraft:skeleton":1},"minecraft:used":{"minecraft:flint_and_steel":1,"minecraft:shield":2,"minecraft:iron_sword":43,"minecraft:dirt":7,"minecraft:granite":9,"minecraft:obsidian":10,"minecraft:spruce_boat":1,"minecraft:iron_boots":1,"minecraft:stone_bricks":4,"minecraft:oak_sapling":5,"minecraft:furnace":1,"minecraft:goat_horn":1,"minecraft:birch_planks":3,"minecraft:oak_planks":8,"minecraft:wooden_pickaxe":28,"minecraft:birch_boat":1,"minecraft:green_bed":7,"minecraft:cracked_stone_bricks":1,"minecraft:crafting_table":9,"minecraft:blast_furnace":1,"minecraft:dripstone_block":5,"minecraft:apple":6,"minecraft:bread":32,"minecraft:iron_pickaxe":198,"minecraft:leather_helmet":1,"minecraft:gravel":10,"minecraft:stone_axe":78,"minecraft:wooden_sword":8,"minecraft:cobblestone":85,"minecraft:oak_boat":5,"minecraft:experience_bottle":2},"minecraft:dropped":{"minecraft:bread":26,"minecraft:iron_sword":1,"cataclysm:lionfish":1,"minecraft:cobblestone":5,"minecraft:lantern":1,"minecraft:apple":4,"irons_spellbooks:scroll":2,"minecraft:dirt":1,"minecraft:rose_bush":1,"minecraft:iron_leggings":1,"minecraft:wooden_sword":1,"minecraft:iron_pickaxe":1,"minecraft:fishing_rod":2,"minecraft:lily_pad":4,"minecraft:gravel":8,"minecraft:stone_axe":1,"minecraft:rotten_flesh":2,"minecraft:iron_boots":1,"minecraft:shield":1,"aquaculture:bluegill":1,"minecraft:iron_chestplate":2,"minecraft:beetroot_seeds":10,"minecraft:oak_sapling":3,"minecraft:leather_leggings":1,"minecraft:birch_boat":1,"minecraft:iron_bars":1,"minecraft:wooden_pickaxe":1,"minecraft:stone_pickaxe":1},"minecraft:killed":{"aquaculture:bluegill":1,"minecraft:vindicator":1,"naturalist:coral_snake":1,"minecraft:skeleton":6,"cataclysm:deepling_angler":1,"minecraft:creeper":1,"minecraft:pillager":5,"naturalist:catfish":1,"minecraft:zombie":3},"minecraft:picked_up":{"minecraft:fishing_rod":1,"minecraft:crafting_table":4,"minecraft:smithing_table":1,"minecraft:lead":1,"minecraft:gold_block":1,"minecraft:brewing_stand":1,"minecraft:wooden_sword":1,"minecraft:item_frame":2,"minecraft:cracked_stone_bricks":1,"aquaculture:bluegill":1,"minecraft:oak_boat":3,"minecraft:rose_bush":1,"naturalist:catfish":1,"minecraft:coal_block":2,"minecraft:sugar_cane":4,"minecraft:birch_sapling":1,"minecraft:furnace":2,"minecraft:raw_iron":8,"minecraft:stick":6,"minecraft:glow_item_frame":1,"minecraft:green_bed":9,"sophisticatedbackpacks:backpack":1,"minecraft:arrow":5,"minecraft:rotten_flesh":1,"minecraft:saddle":1,"minecraft:iron_bars":1,"minecraft:cobblestone":152,"minecraft:birch_log":2,"minecraft:clock":1,"minecraft:flint":1,"minecraft:tuff":14,"minecraft:stripped_spruce_wood":4,"minecraft:oak_log":15,"minecraft:lily_pad":16,"minecraft:gunpowder":1,"minecraft:dirt":8,"minecraft:lantern":1,"minecraft:bone":7,"minecraft:stone_bricks":8,"minecraft:bow":1,"minecraft:stripped_oak_wood":2,"minecraft:oak_planks":13,"minecraft:book":69,"minecraft:birch_boat":1,"minecraft:gravel":19,"minecraft:dripstone_block":5,"minecraft:spruce_sapling":1,"minecraft:blast_furnace":2,"minecraft:spruce_log":9,"cataclysm:lionfish":1,"minecraft:slime_ball":1,"minecraft:crossbow":1,"minecraft:granite":9,"minecraft:emerald":4,"minecraft:bread":12,"minecraft:oak_sapling":9,"minecraft:dark_oak_wood":3,"minecraft:coal":36},"minecraft:custom":{"minecraft:mob_kills":20,"minecraft:interact_with_crafting_table":26,"minecraft:open_barrel":16,"minecraft:eat_cake_slice":8,"minecraft:time_since_death":39853,"minecraft:climb_one_cm":7428,"minecraft:sprint_one_cm":113871,"minecraft:walk_one_cm":398524,"minecraft:damage_blocked_by_shield":60,"minecraft:drop":55,"minecraft:damage_dealt_absorbed":40,"minecraft:talked_to_villager":11,"minecraft:play_time":113752,"minecraft:deaths":3,"minecraft:sneak_time":2463,"minecraft:walk_under_water_one_cm":21383,"minecraft:boat_one_cm":77703,"minecraft:interact_with_lectern":1,"minecraft:jump":1752,"minecraft:interact_with_blast_furnace":7,"minecraft:walk_on_water_one_cm":33827,"minecraft:total_world_time":113752,"minecraft:interact_with_furnace":5,"minecraft:interact_with_cartography_table":1,"minecraft:tune_noteblock":2,"minecraft:sleep_in_bed":8,"minecraft:time_since_rest":266,"minecraft:damage_taken":2605,"minecraft:damage_dealt":3902,"minecraft:swim_one_cm":42308,"minecraft:fly_one_cm":229112,"minecraft:open_chest":42,"minecraft:crouch_one_cm":7110,"minecraft:fall_one_cm":44242},"minecraft:mined":{"minecraft:tuff":14,"minecraft:mangrove_roots":1,"minecraft:brewing_stand":1,"minecraft:granite":9,"minecraft:grass_block":7,"minecraft:coal_block":2,"minecraft:spruce_leaves":22,"minecraft:large_fern":1,"minecraft:furnace":2,"minecraft:gold_block":1,"minecraft:bookshelf":18,"minecraft:deepslate_iron_ore":8,"minecraft:iron_bars":1,"minecraft:stone":153,"minecraft:green_bed":8,"minecraft:smithing_table":1,"minecraft:crafting_table":6,"minecraft:dark_oak_wood":3,"minecraft:blast_furnace":2,"minecraft:emerald_ore":3,"minecraft:rose_bush":1,"minecraft:deepslate_coal_ore":6,"minecraft:sugar_cane":1,"minecraft:stripped_spruce_wood":4,"minecraft:birch_log":2,"minecraft:spruce_log":10,"minecraft:stripped_oak_wood":2,"minecraft:grass":3,"minecraft:coal_ore":8,"minecraft:oak_log":17,"minecraft:gravel":21,"minecraft:dripstone_block":5,"minecraft:dirt":1,"minecraft:cracked_stone_bricks":1,"minecraft:stone_bricks":8,"minecraft:oak_leaves":3},"minecraft:crafted":{"minecraft:wooden_sword":1,"minecraft:oak_planks":68,"minecraft:birch_boat":1,"minecraft:flint_and_steel":1,"minecraft:iron_boots":1,"minecraft:stone_pickaxe":1,"minecraft:spruce_boat":1,"minecraft:dark_oak_planks":12,"minecraft:cooked_beef":1,"minecraft:crafting_table":7,"minecraft:spruce_planks":52,"minecraft:wooden_pickaxe":1,"minecraft:iron_sword":1,"minecraft:birch_planks":8,"minecraft:stone_axe":2,"minecraft:bread":13,"minecraft:air":0,"minecraft:oak_boat":2,"minecraft:iron_chestplate":4,"minecraft:shield":3,"minecraft:stick":20,"minecraft:iron_ingot":8,"irons_spellbooks:wandering_magician_boots":1}},"DataVersion":3465}