{"stats":{"minecraft:killed_by":{"minecraft:vindicator":1},"minecraft:used":{"minecraft:mossy_stone_bricks":1,"minecraft:stone_sword":17,"minecraft:stone_pickaxe":145,"minecraft:jungle_boat":1,"minecraft:torch":17,"minecraft:crafting_table":3,"minecraft:jungle_planks":2,"minecraft:jungle_trapdoor":1,"minecraft:wooden_axe":5,"minecraft:melon_slice":25,"minecraft:jungle_log":2,"minecraft:crimson_planks":1,"minecraft:stone_axe":3,"minecraft:cobblestone":21},"minecraft:dropped":{"minecraft:melon_slice":29},"minecraft:killed":{"minecraft:zombie_villager":1,"minecraft:spider":1,"minecraft:skeleton":2,"minecraft:zombie":2},"minecraft:picked_up":{"minecraft:crafting_table":2,"minecraft:jungle_boat":1,"minecraft:jungle_log":17,"minecraft:crimson_planks":2,"minecraft:dirt":6,"minecraft:string":2,"minecraft:raw_copper":10,"minecraft:bone":1,"minecraft:wheat_seeds":1,"minecraft:spruce_planks":7,"minecraft:stone_pickaxe":1,"minecraft:mossy_stone_bricks":1,"minecraft:bamboo":9,"minecraft:melon_slice":75,"minecraft:moss_block":2,"minecraft:sugar_cane":2,"minecraft:raw_iron":18,"minecraft:torch":1,"minecraft:jungle_planks":2,"minecraft:sand":1,"minecraft:mossy_cobblestone":2,"minecraft:rotten_flesh":3,"minecraft:hay_block":5,"minecraft:damaged_anvil":1,"minecraft:coal":46,"minecraft:cobblestone":64},"minecraft:custom":{"minecraft:mob_kills":6,"minecraft:interact_with_crafting_table":4,"minecraft:open_barrel":6,"minecraft:time_since_death":22689,"minecraft:climb_one_cm":966,"minecraft:time_since_rest":22734,"minecraft:sprint_one_cm":57185,"minecraft:damage_taken":610,"minecraft:walk_one_cm":80703,"minecraft:drop":1,"minecraft:damage_dealt":810,"minecraft:swim_one_cm":10179,"minecraft:fly_one_cm":138292,"minecraft:open_chest":2,"minecraft:crouch_one_cm":1742,"minecraft:play_time":28021,"minecraft:deaths":1,"minecraft:sneak_time":340,"minecraft:walk_under_water_one_cm":2626,"minecraft:jump":697,"minecraft:walk_on_water_one_cm":2262,"minecraft:total_world_time":28021,"minecraft:fall_one_cm":19873,"minecraft:inspect_dispenser":1},"minecraft:mined":{"minecraft:smithing_table":1,"minecraft:spruce_planks":5,"minecraft:mossy_cobblestone":2,"minecraft:crafting_table":2,"minecraft:cave_vines_plant":1,"minecraft:grass_block":2,"minecraft:melon":14,"minecraft:jungle_log":17,"minecraft:copper_ore":3,"minecraft:tall_grass":1,"minecraft:cobblestone":10,"minecraft:sugar_cane":1,"minecraft:moss_block":2,"minecraft:damaged_anvil":1,"minecraft:hay_block":7,"minecraft:iron_ore":19,"minecraft:grass":13,"minecraft:coal_ore":46,"minecraft:cave_vines":1,"minecraft:sand":1,"minecraft:dirt":4,"minecraft:crimson_planks":1,"minecraft:bamboo":1,"minecraft:azalea":1,"minecraft:stone":57,"minecraft:mossy_stone_bricks":1,"minecraft:fern":1},"minecraft:broken":{"minecraft:stone_pickaxe":1},"minecraft:crafted":{"minecraft:crafting_table":3,"minecraft:jungle_trapdoor":2,"minecraft:stone_axe":1,"minecraft:jungle_planks":60,"minecraft:stick":16,"minecraft:stone_pickaxe":1,"minecraft:wooden_axe":1,"minecraft:stone_sword":1,"minecraft:torch":16}},"DataVersion":3465}