{"stats":{"minecraft:used":{"minecraft:wooden_pickaxe":28,"minecraft:green_bed":2,"minecraft:dirt":1,"minecraft:crafting_table":5,"minecraft:bread":8,"minecraft:iron_pickaxe":17,"minecraft:leather_helmet":1,"minecraft:stone_axe":34,"minecraft:cobblestone":5,"minecraft:oak_sapling":3,"minecraft:oak_boat":3},"minecraft:dropped":{"minecraft:stone_axe":1,"cataclysm:lionfish":1,"minecraft:cobblestone":5,"minecraft:rotten_flesh":1,"minecraft:lantern":1,"minecraft:beetroot_seeds":10,"minecraft:leather_leggings":1,"minecraft:wooden_pickaxe":1,"minecraft:iron_pickaxe":1},"minecraft:killed":{"cataclysm:deepling_angler":1},"minecraft:picked_up":{"minecraft:crafting_table":4,"minecraft:clock":1,"minecraft:smithing_table":1,"minecraft:lead":1,"minecraft:oak_log":11,"minecraft:lily_pad":5,"minecraft:brewing_stand":1,"minecraft:dirt":1,"minecraft:lantern":1,"minecraft:item_frame":2,"minecraft:oak_boat":1,"minecraft:sugar_cane":4,"minecraft:coal_block":2,"minecraft:book":27,"minecraft:raw_iron":8,"minecraft:glow_item_frame":1,"minecraft:green_bed":3,"minecraft:blast_furnace":1,"minecraft:spruce_log":6,"cataclysm:lionfish":1,"minecraft:slime_ball":1,"minecraft:saddle":1,"minecraft:oak_sapling":3,"minecraft:coal":14,"minecraft:cobblestone":19},"minecraft:custom":{"minecraft:mob_kills":1,"minecraft:interact_with_crafting_table":7,"minecraft:open_barrel":1,"minecraft:time_since_death":29752,"minecraft:sleep_in_bed":2,"minecraft:climb_one_cm":96,"minecraft:time_since_rest":3905,"minecraft:sprint_one_cm":35221,"minecraft:damage_taken":350,"minecraft:walk_one_cm":107761,"minecraft:drop":10,"minecraft:damage_dealt":85,"minecraft:swim_one_cm":7122,"minecraft:talked_to_villager":7,"minecraft:fly_one_cm":59199,"minecraft:open_chest":18,"minecraft:crouch_one_cm":3,"minecraft:play_time":29752,"minecraft:sneak_time":31,"minecraft:walk_under_water_one_cm":4337,"minecraft:boat_one_cm":20,"minecraft:jump":403,"minecraft:interact_with_blast_furnace":1,"minecraft:walk_on_water_one_cm":11077,"minecraft:total_world_time":29752,"minecraft:fall_one_cm":9464},"minecraft:mined":{"minecraft:smithing_table":1,"minecraft:mangrove_roots":1,"minecraft:brewing_stand":1,"minecraft:crafting_table":4,"minecraft:blast_furnace":1,"minecraft:coal_block":2,"minecraft:deepslate_coal_ore":6,"minecraft:sugar_cane":1,"minecraft:large_fern":1,"minecraft:spruce_log":7,"minecraft:grass":1,"minecraft:bookshelf":9,"minecraft:oak_log":13,"minecraft:coal_ore":8,"minecraft:deepslate_iron_ore":8,"minecraft:dirt":1,"minecraft:stone":19,"minecraft:oak_leaves":2,"minecraft:green_bed":3},"minecraft:crafted":{"minecraft:oak_planks":44,"minecraft:crafting_table":3,"minecraft:spruce_planks":24,"minecraft:wooden_pickaxe":1,"minecraft:stone_axe":2,"minecraft:oak_boat":2,"minecraft:stick":12,"minecraft:stone_pickaxe":1}},"DataVersion":3465}