{"stats":{"minecraft:killed_by":{"minecraft:wither_skeleton":2,"minecraft:vindicator":1},"minecraft:used":{"minecraft:rose_bush":1,"minecraft:stone_sword":129,"minecraft:enchanting_table":1,"minecraft:chest":9,"minecraft:shield":18,"minecraft:iron_sword":246,"minecraft:stone_hoe":47,"minecraft:torch":252,"minecraft:brewing_stand":1,"minecraft:dirt":14,"minecraft:jungle_planks":2,"minecraft:jungle_trapdoor":5,"minecraft:spruce_fence":3,"minecraft:dark_oak_planks":2,"minecraft:wooden_axe":5,"minecraft:chipped_anvil":3,"minecraft:iron_axe":175,"minecraft:jungle_log":2,"minecraft:smooth_quartz":15,"minecraft:crimson_planks":1,"minecraft:item_frame":1,"minecraft:tripwire_hook":4,"minecraft:golden_carrot":25,"minecraft:furnace":1,"minecraft:egg":1,"minecraft:water_bucket":10,"minecraft:mossy_stone_bricks":1,"minecraft:damaged_anvil":1,"minecraft:birch_planks":47,"minecraft:stone_pickaxe":244,"minecraft:gray_carpet":2,"minecraft:dark_oak_sign":3,"minecraft:diamond_axe":23,"minecraft:sugar_cane":3,"minecraft:jungle_boat":1,"minecraft:golden_apple":1,"minecraft:mangrove_trapdoor":1,"minecraft:blast_furnace":1,"minecraft:mushroom_stew":1,"minecraft:crafting_table":6,"minecraft:white_bed":1,"minecraft:painting":1,"minecraft:cake":2,"minecraft:shears":2,"minecraft:lever":2,"minecraft:diamond_pickaxe":106,"minecraft:diamond_shovel":144,"minecraft:map":1,"minecraft:cyan_carpet":3,"minecraft:melon_slice":46,"minecraft:string":6,"minecraft:bread":111,"minecraft:cyan_bed":6,"minecraft:stone_slab":1,"minecraft:stone_axe":44,"minecraft:diamond_sword":1193,"minecraft:potion":1,"minecraft:cobblestone":82,"minecraft:bucket":11,"minecraft:pumpkin_pie":3,"minecraft:experience_bottle":18},"minecraft:dropped":{"minecraft:bread":64,"minecraft:iron_sword":1,"minecraft:birch_planks":1,"minecraft:wheat_seeds":1,"minecraft:glass_bottle":1,"minecraft:cobblestone":11,"minecraft:coal_block":7,"irons_spellbooks:scroll":1,"minecraft:torch":110,"minecraft:melon_slice":29,"minecraft:rose_bush":1,"irons_spellbooks:arcane_essence":7,"minecraft:chipped_anvil":1,"minecraft:string":2,"minecraft:stone_axe":1,"minecraft:bowl":1,"irons_spellbooks:graybeard_staff":1,"minecraft:name_tag":1,"minecraft:chainmail_chestplate":1,"minecraft:filled_map":1,"minecraft:diamond_sword":4,"minecraft:diamond_pickaxe":1,"minecraft:stone_pickaxe":1},"minecraft:killed":{"minecraft:cave_spider":62,"minecraft:spider":53,"minecraft:skeleton":12,"minecraft:husk":41,"minecraft:zombie_villager":1,"minecraft:creeper":1,"minecraft:zombie":15,"minecraft:wither_skeleton":128},"minecraft:picked_up":{"irons_spellbooks:scroll":1,"minecraft:iron_chestplate":3,"minecraft:crafting_table":3,"minecraft:wheat":78,"minecraft:chainmail_boots":2,"irons_spellbooks:wandering_magician_leggings":1,"minecraft:stone_slab":1,"minecraft:diamond_sword":27,"minecraft:potion":1,"minecraft:gold_block":1,"minecraft:enchanted_book":3,"minecraft:crimson_planks":2,"minecraft:brewing_stand":1,"minecraft:shield":7,"minecraft:jungle_trapdoor":4,"minecraft:string":143,"minecraft:raw_copper":20,"irons_spellbooks:graybeard_staff":2,"minecraft:iron_leggings":1,"minecraft:item_frame":1,"minecraft:iron_shovel":1,"minecraft:experience_bottle":52,"minecraft:cyan_carpet":10,"irons_spellbooks:arcane_essence":7,"minecraft:diamond_leggings":2,"minecraft:bucket":2,"minecraft:spruce_planks":30,"minecraft:rose_bush":1,"minecraft:calcite":2,"minecraft:smooth_quartz":42,"minecraft:iron_pickaxe":1,"minecraft:coal_block":20,"minecraft:melon_slice":89,"minecraft:sugar_cane":5,"minecraft:chest":1,"minecraft:piston":19,"minecraft:iron_boots":2,"minecraft:egg":1,"minecraft:stick":5,"minecraft:raw_iron":38,"minecraft:torch":371,"minecraft:acacia_log":65,"minecraft:spruce_fence":9,"sophisticatedbackpacks:backpack":5,"minecraft:cake":1,"minecraft:redstone":2,"minecraft:dark_oak_planks":8,"minecraft:stone_sword":1,"minecraft:arrow":90,"minecraft:rotten_flesh":77,"minecraft:diamond_chestplate":1,"minecraft:pumpkin_pie":10,"minecraft:diamond_boots":1,"minecraft:hay_block":52,"minecraft:saddle":1,"irons_spellbooks:wandering_magician_helmet":1,"minecraft:gold_ingot":6,"minecraft:white_wool":1,"minecraft:cobblestone":163,"minecraft:enchanting_table":3,"minecraft:jungle_boat":1,"minecraft:golden_carrot":40,"minecraft:tripwire_hook":4,"minecraft:jungle_log":17,"minecraft:leather":1,"minecraft:red_mushroom":1,"minecraft:potato":2,"minecraft:birch_planks":119,"minecraft:mushroom_stew":2,"minecraft:chainmail_chestplate":3,"minecraft:gunpowder":7,"minecraft:wither_skeleton_skull":2,"minecraft:dirt":156,"minecraft:name_tag":11,"minecraft:bone":209,"minecraft:chipped_anvil":4,"minecraft:acacia_planks":55,"minecraft:gray_carpet":2,"minecraft:wheat_seeds":72,"minecraft:birch_wood":15,"minecraft:iron_ingot":22,"minecraft:stone_pickaxe":4,"minecraft:dark_oak_sign":6,"minecraft:acacia_sapling":2,"minecraft:mossy_stone_bricks":1,"minecraft:bamboo":9,"minecraft:moss_block":2,"minecraft:iron_sword":2,"minecraft:stone_hoe":1,"minecraft:book":79,"minecraft:cooked_porkchop":18,"minecraft:gravel":4,"minecraft:sand":1,"minecraft:jungle_planks":20,"minecraft:blast_furnace":2,"minecraft:white_bed":2,"minecraft:cyan_bed":9,"minecraft:diamond_block":6,"minecraft:spider_eye":55,"minecraft:mossy_cobblestone":2,"minecraft:dark_prismarine":2,"minecraft:diamond":16,"minecraft:stone_axe":1,"minecraft:lever":2,"minecraft:chainmail_leggings":6,"minecraft:iron_helmet":1,"minecraft:golden_apple":6,"minecraft:emerald":12,"minecraft:chainmail_helmet":6,"minecraft:bread":374,"minecraft:damaged_anvil":1,"minecraft:coal":197,"minecraft:diamond_pickaxe":1},"minecraft:custom":{"minecraft:interact_with_smithing_table":1,"minecraft:interact_with_anvil":7,"minecraft:mob_kills":321,"minecraft:interact_with_crafting_table":44,"minecraft:open_barrel":8,"minecraft:damage_dealt_resisted":15272,"minecraft:eat_cake_slice":1,"minecraft:leave_game":1,"minecraft:time_since_death":16066,"minecraft:climb_one_cm":9884,"minecraft:sprint_one_cm":379747,"minecraft:walk_one_cm":839331,"minecraft:damage_blocked_by_shield":532,"minecraft:drop":29,"minecraft:play_time":206078,"minecraft:deaths":6,"minecraft:sneak_time":2755,"minecraft:walk_under_water_one_cm":6758,"minecraft:jump":3128,"minecraft:interact_with_blast_furnace":8,"minecraft:walk_on_water_one_cm":12742,"minecraft:total_world_time":206078,"minecraft:interact_with_furnace":4,"minecraft:tune_noteblock":1,"minecraft:sleep_in_bed":8,"minecraft:time_since_rest":3052,"minecraft:damage_taken":10692,"minecraft:damage_absorbed":40,"minecraft:damage_dealt":106549,"minecraft:swim_one_cm":19679,"minecraft:fly_one_cm":538324,"minecraft:open_chest":216,"minecraft:crouch_one_cm":9496,"minecraft:fall_one_cm":56325,"minecraft:inspect_dispenser":1},"minecraft:mined":{"minecraft:dark_oak_planks":7,"minecraft:white_bed":2,"minecraft:spruce_planks":9,"minecraft:mossy_cobblestone":2,"minecraft:brewing_stand":1,"minecraft:cave_vines_plant":1,"minecraft:lever":1,"minecraft:acacia_log":65,"minecraft:spruce_fence":8,"minecraft:grass_block":143,"minecraft:jungle_log":17,"minecraft:coal_block":21,"minecraft:moss_block":2,"minecraft:spawner":49,"minecraft:hay_block":54,"minecraft:iron_ore":21,"minecraft:enchanting_table":2,"minecraft:bookshelf":11,"minecraft:cave_vines":1,"minecraft:bamboo":1,"minecraft:azalea":1,"minecraft:stone":69,"minecraft:tripwire":4,"minecraft:jungle_trapdoor":4,"minecraft:smithing_table":1,"minecraft:acacia_leaves":13,"minecraft:crafting_table":2,"minecraft:torch":1,"minecraft:blast_furnace":1,"minecraft:calcite":2,"minecraft:melon":14,"minecraft:rose_bush":2,"minecraft:dead_bush":1,"minecraft:copper_ore":3,"minecraft:tall_grass":18,"minecraft:stone_slab":1,"minecraft:cobblestone":57,"minecraft:birch_wood":15,"minecraft:cyan_bed":7,"minecraft:damaged_anvil":1,"minecraft:sugar_cane":2,"minecraft:wall_torch":3,"minecraft:birch_planks":11,"minecraft:wheat":6,"minecraft:grass":550,"minecraft:coal_ore":46,"minecraft:crimson_planks":1,"minecraft:cyan_carpet":4,"minecraft:smooth_quartz":29,"minecraft:gravel":5,"minecraft:sand":1,"minecraft:dirt":11,"minecraft:gray_carpet":2,"minecraft:cobweb":2,"minecraft:tripwire_hook":3,"minecraft:acacia_planks":6,"minecraft:mossy_stone_bricks":1,"minecraft:chipped_anvil":4,"minecraft:piston":18,"minecraft:fern":1},"minecraft:broken":{"minecraft:stone_sword":1,"minecraft:iron_chestplate":1,"minecraft:chainmail_helmet":1,"minecraft:stone_pickaxe":1,"minecraft:iron_axe":1},"minecraft:crafted":{"irons_spellbooks:wandering_magician_helmet":1,"minecraft:coal":63,"minecraft:tripwire_hook":2,"minecraft:leather_leggings":1,"irons_spellbooks:wandering_magician_leggings":1,"minecraft:furnace":1,"minecraft:jungle_trapdoor":4,"minecraft:diamond_shovel":1,"minecraft:lever":1,"irons_spellbooks:graybeard_staff":1,"minecraft:iron_axe":1,"minecraft:stone_pickaxe":1,"minecraft:chest":8,"minecraft:stone_hoe":1,"minecraft:wheat":423,"minecraft:wooden_shovel":1,"minecraft:diamond_axe":1,"minecraft:crafting_table":5,"minecraft:iron_sword":2,"minecraft:leather_helmet":2,"minecraft:bucket":1,"minecraft:birch_planks":60,"minecraft:stone_axe":1,"minecraft:bread":128,"minecraft:air":0,"minecraft:jungle_planks":60,"minecraft:iron_chestplate":1,"minecraft:diamond_pickaxe":2,"minecraft:shield":1,"minecraft:stick":100,"minecraft:iron_ingot":16,"minecraft:iron_pickaxe":1,"minecraft:wooden_axe":1,"minecraft:stone_sword":1,"minecraft:acacia_planks":184,"minecraft:torch":296,"irons_spellbooks:wandering_magician_boots":1,"minecraft:shears":1}},"DataVersion":3465}