{"stats":{"minecraft:killed_by":{"minecraft:wither_skeleton":2,"minecraft:vindicator":1},"minecraft:used":{"minecraft:chest":13,"minecraft:shield":24,"minecraft:iron_sword":246,"minecraft:quartz_stairs":4,"minecraft:soul_sand":6,"minecraft:jungle_planks":32,"minecraft:obsidian":11,"minecraft:quartz_pillar":14,"minecraft:polished_andesite_stairs":1,"minecraft:quartz_block":3,"minecraft:item_frame":1,"minecraft:furnace":2,"minecraft:egg":1,"minecraft:mossy_stone_bricks":1,"minecraft:damaged_anvil":1,"minecraft:stone_pickaxe":244,"minecraft:gray_carpet":2,"minecraft:dark_oak_sign":3,"minecraft:diamond_axe":534,"minecraft:sugar_cane":3,"minecraft:jungle_boat":1,"minecraft:golden_apple":8,"minecraft:mushroom_stew":1,"minecraft:blast_furnace":1,"minecraft:chiseled_quartz_block":1,"minecraft:shears":2,"minecraft:lever":2,"minecraft:cyan_carpet":3,"minecraft:melon_slice":46,"minecraft:string":6,"minecraft:bread":114,"minecraft:cyan_bed":7,"minecraft:diamond_sword":2089,"minecraft:experience_bottle":83,"minecraft:rose_bush":1,"minecraft:enchanting_table":2,"minecraft:stone_sword":129,"minecraft:flint_and_steel":1,"minecraft:spruce_planks":5,"minecraft:cooked_chicken":1,"minecraft:stone_hoe":47,"minecraft:netherrack":84,"minecraft:torch":433,"minecraft:brewing_stand":1,"minecraft:dirt":892,"minecraft:jungle_trapdoor":5,"minecraft:spruce_fence":3,"minecraft:nether_brick_stairs":2,"minecraft:shroomlight":2,"minecraft:dark_oak_planks":2,"minecraft:wooden_axe":5,"minecraft:chipped_anvil":3,"minecraft:bookshelf":12,"minecraft:iron_axe":175,"minecraft:jungle_log":2,"minecraft:smooth_quartz":15,"minecraft:crimson_planks":27,"minecraft:barrel":1,"minecraft:tripwire_hook":4,"minecraft:golden_carrot":53,"minecraft:goat_horn":4,"minecraft:acacia_planks":29,"minecraft:crimson_stem":20,"minecraft:calcite":1,"minecraft:acacia_boat":3,"minecraft:water_bucket":24,"minecraft:birch_planks":47,"minecraft:bundle":1,"minecraft:baked_potato":17,"minecraft:mossy_cobblestone":1,"minecraft:mangrove_trapdoor":1,"minecraft:tnt":12,"minecraft:crafting_table":13,"minecraft:white_bed":12,"minecraft:painting":1,"minecraft:cake":2,"minecraft:diamond_pickaxe":579,"minecraft:diamond_shovel":1103,"minecraft:map":1,"minecraft:stone_slab":1,"minecraft:stone_axe":44,"minecraft:potion":1,"minecraft:cobblestone":82,"minecraft:bucket":26,"minecraft:pumpkin_pie":26},"minecraft:dropped":{"sophisticatedbackpacks:iron_backpack":1,"minecraft:iron_sword":3,"minecraft:birch_planks":1,"minecraft:glass_bottle":1,"irons_spellbooks:arcane_essence":7,"minecraft:stone_axe":1,"minecraft:rotten_flesh":2,"minecraft:chainmail_chestplate":1,"minecraft:arrow":56,"minecraft:bread":120,"minecraft:wheat_seeds":4,"minecraft:cobblestone":11,"minecraft:golden_apple":2,"minecraft:coal_block":7,"irons_spellbooks:scroll":1,"irons_spellbooks:affinity_ring":1,"minecraft:torch":110,"minecraft:rose_bush":1,"minecraft:melon_slice":29,"minecraft:potion":1,"minecraft:chipped_anvil":1,"minecraft:string":2,"minecraft:bowl":1,"irons_spellbooks:graybeard_staff":1,"minecraft:name_tag":1,"minecraft:filled_map":2,"minecraft:diamond_sword":5,"minecraft:diamond_pickaxe":1,"minecraft:stone_pickaxe":1},"minecraft:killed":{"naturalist:zebra":1,"minecraft:cave_spider":62,"minecraft:spider":54,"minecraft:dolphin":2,"minecraft:skeleton":86,"minecraft:chicken":1,"minecraft:silverfish":21,"minecraft:magma_cube":9,"minecraft:piglin":10,"minecraft:pig":1,"minecraft:zombie_villager":2,"irons_spellbooks:necromancer":3,"minecraft:creeper":4,"minecraft:pillager":16,"minecraft:zombie":98,"naturalist:lion":2,"irons_spellbooks:summoned_zombie":5,"minecraft:vindicator":2,"cataclysm:lionfish":1,"naturalist:giraffe":1,"naturalist:vulture":1,"cataclysm:deepling_angler":1,"minecraft:husk":65,"minecraft:bat":1,"minecraft:ravager":1,"minecraft:hoglin":1,"minecraft:wither_skeleton":128},"minecraft:picked_up":{"irons_spellbooks:scroll":1,"minecraft:iron_chestplate":3,"minecraft:wheat":78,"minecraft:chainmail_boots":3,"irons_spellbooks:wandering_magician_leggings":1,"irons_spellbooks:affinity_ring":1,"minecraft:lead":1,"minecraft:stone_slab":1,"minecraft:diamond_sword":29,"minecraft:oak_stairs":1,"minecraft:potion":1,"minecraft:enchanted_book":4,"minecraft:crimson_planks":4,"minecraft:brewing_stand":1,"minecraft:golden_sword":1,"minecraft:string":149,"minecraft:raw_copper":20,"irons_spellbooks:graybeard_staff":2,"minecraft:smooth_stone_slab":1,"minecraft:iron_leggings":1,"minecraft:armor_stand":1,"minecraft:experience_bottle":52,"minecraft:shroomlight":4,"irons_spellbooks:arcane_essence":10,"minecraft:diamond_leggings":3,"minecraft:smooth_stone":1,"minecraft:bucket":2,"minecraft:spruce_planks":57,"minecraft:rose_bush":1,"minecraft:calcite":12,"minecraft:smooth_quartz":42,"minecraft:iron_pickaxe":2,"minecraft:melon_slice":89,"minecraft:coal_block":20,"minecraft:iron_boots":2,"minecraft:furnace":1,"minecraft:stick":21,"minecraft:acacia_fence":14,"minecraft:oak_fence":13,"minecraft:torch":378,"minecraft:acacia_log":148,"minecraft:spruce_stairs":14,"minecraft:porkchop":7,"minecraft:diorite":2,"minecraft:cauldron":2,"minecraft:stone_sword":1,"minecraft:rotten_flesh":165,"minecraft:cyan_terracotta":1,"minecraft:white_terracotta":1,"minecraft:obsidian":11,"minecraft:cod":1,"minecraft:iron_bars":1,"minecraft:cobblestone":196,"minecraft:enchanting_table":3,"minecraft:mossy_cobblestone_slab":1,"minecraft:feather":22,"minecraft:jungle_log":17,"minecraft:jungle_wood":18,"minecraft:chiseled_quartz_block":1,"minecraft:potato":2,"minecraft:flint":4,"minecraft:wither_skeleton_skull":2,"minecraft:acacia_boat":2,"minecraft:dirt":1007,"minecraft:lantern":2,"minecraft:name_tag":11,"minecraft:leather_boots":1,"irons_spellbooks:hogskin":2,"minecraft:bone":283,"minecraft:chipped_anvil":4,"minecraft:acacia_planks":136,"minecraft:bow":1,"minecraft:wheat_seeds":143,"minecraft:birch_wood":15,"minecraft:grindstone":1,"minecraft:dark_oak_sign":6,"minecraft:mossy_stone_bricks":1,"minecraft:fletching_table":4,"minecraft:bamboo":9,"minecraft:moss_block":3,"minecraft:stone_hoe":1,"minecraft:black_terracotta":11,"minecraft:cooked_porkchop":18,"minecraft:stripped_crimson_stem":1,"minecraft:sand":1,"minecraft:jungle_planks":21,"minecraft:nether_brick_stairs":5,"sophisticatedbackpacks:iron_backpack":1,"minecraft:acacia_stairs":81,"minecraft:dead_bush":1,"minecraft:cyan_bed":9,"minecraft:diamond_block":6,"minecraft:barrel":1,"minecraft:mossy_cobblestone":12,"minecraft:dark_prismarine":2,"cataclysm:lionfish":1,"minecraft:stripped_acacia_log":11,"minecraft:polished_andesite":2,"minecraft:spruce_fence_gate":2,"minecraft:dispenser":2,"minecraft:diamond":16,"minecraft:lever":2,"minecraft:crossbow":2,"minecraft:golden_apple":6,"minecraft:chainmail_helmet":6,"minecraft:emerald":12,"minecraft:bread":493,"minecraft:rooted_dirt":1,"minecraft:netherrack":156,"minecraft:dark_oak_fence":1,"minecraft:crimson_roots":2,"minecraft:diamond_pickaxe":2,"minecraft:fishing_rod":1,"minecraft:crafting_table":6,"minecraft:coarse_dirt":8,"minecraft:chicken":1,"minecraft:ladder":1,"minecraft:redstone_lamp":4,"irons_spellbooks:tarnished_helmet":1,"minecraft:gold_block":2,"minecraft:shield":8,"minecraft:jungle_trapdoor":4,"minecraft:oak_trapdoor":6,"minecraft:red_bed":1,"minecraft:acacia_door":2,"minecraft:item_frame":1,"minecraft:white_carpet":1,"minecraft:iron_shovel":1,"minecraft:cyan_carpet":10,"minecraft:player_head":1,"minecraft:iron_nugget":47,"minecraft:spruce_slab":1,"minecraft:lectern":3,"minecraft:sugar_cane":13,"minecraft:chest":2,"minecraft:piston":19,"minecraft:egg":1,"minecraft:dark_oak_sapling":2,"minecraft:raw_iron":38,"minecraft:stripped_mangrove_wood":3,"sophisticatedbackpacks:backpack":5,"minecraft:spruce_fence":14,"minecraft:cake":1,"minecraft:carrot":2,"minecraft:redstone":2,"minecraft:dark_oak_planks":26,"minecraft:tnt":3,"minecraft:arrow":178,"minecraft:diamond_chestplate":2,"minecraft:pumpkin_pie":10,"minecraft:diamond_boots":1,"minecraft:hay_block":52,"minecraft:yellow_terracotta":38,"irons_spellbooks:wandering_magician_helmet":1,"minecraft:saddle":1,"minecraft:gold_ingot":6,"sophisticatedbackpacks:copper_backpack":1,"minecraft:skeleton_skull":1,"minecraft:white_wool":1,"minecraft:jungle_boat":1,"minecraft:golden_carrot":40,"minecraft:tripwire_hook":5,"minecraft:crimson_stem":75,"minecraft:leather":2,"minecraft:jungle_fence":17,"minecraft:red_mushroom":1,"minecraft:filled_map":1,"minecraft:birch_planks":119,"minecraft:mushroom_stew":2,"minecraft:crimson_fungus":1,"minecraft:oak_log":16,"minecraft:chainmail_chestplate":3,"minecraft:nether_wart_block":2,"minecraft:gunpowder":10,"minecraft:white_banner":3,"minecraft:red_nether_brick_stairs":1,"minecraft:gray_carpet":2,"minecraft:kelp":2,"minecraft:spruce_wood":3,"minecraft:iron_ingot":24,"minecraft:stone_pickaxe":4,"minecraft:iron_ore":23,"minecraft:iron_sword":5,"minecraft:acacia_sapling":12,"minecraft:soul_sand":16,"minecraft:dark_oak_stairs":23,"minecraft:book":199,"minecraft:polished_andesite_stairs":1,"minecraft:pumpkin":4,"minecraft:sweet_berries":9,"minecraft:red_wool":2,"minecraft:quartz":95,"minecraft:dripstone_block":4,"minecraft:gravel":26,"minecraft:amethyst_shard":1,"minecraft:blast_furnace":2,"minecraft:white_bed":14,"minecraft:crying_obsidian":1,"minecraft:spider_eye":55,"minecraft:brick_slab":1,"minecraft:stone_axe":1,"minecraft:chainmail_leggings":7,"minecraft:iron_helmet":5,"minecraft:painting":1,"minecraft:gray_wool":1,"minecraft:mossy_cobblestone_stairs":1,"minecraft:brown_banner":4,"minecraft:acacia_slab":3,"minecraft:damaged_anvil":1,"minecraft:melon_seeds":1,"minecraft:coal":197},"minecraft:custom":{"minecraft:interact_with_crafting_table":65,"minecraft:open_barrel":62,"minecraft:bell_ring":2,"minecraft:eat_cake_slice":1,"minecraft:leave_game":3,"minecraft:time_since_death":258768,"minecraft:sprint_one_cm":890459,"minecraft:damage_blocked_by_shield":677,"minecraft:drop":45,"minecraft:talked_to_villager":6,"minecraft:play_time":448780,"minecraft:deaths":6,"minecraft:jump":8004,"minecraft:walk_on_water_one_cm":55496,"minecraft:interact_with_furnace":7,"minecraft:interact_with_loom":1,"minecraft:sleep_in_bed":21,"minecraft:damage_dealt":169200,"minecraft:player_kills":1,"minecraft:crouch_one_cm":40773,"minecraft:inspect_dispenser":4,"minecraft:interact_with_smithing_table":1,"minecraft:interact_with_anvil":9,"minecraft:mob_kills":592,"minecraft:damage_dealt_resisted":15272,"minecraft:climb_one_cm":32597,"minecraft:walk_one_cm":1849206,"minecraft:damage_dealt_absorbed":120,"minecraft:raid_win":1,"minecraft:sneak_time":9959,"minecraft:walk_under_water_one_cm":26312,"minecraft:interact_with_blast_furnace":13,"minecraft:total_world_time":448780,"minecraft:tune_noteblock":4,"minecraft:raid_trigger":1,"minecraft:time_since_rest":5982,"minecraft:damage_taken":14861,"minecraft:damage_absorbed":287,"minecraft:swim_one_cm":65396,"minecraft:fly_one_cm":1557515,"minecraft:open_chest":423,"minecraft:fall_one_cm":175459},"minecraft:mined":{"minecraft:dark_oak_planks":17,"minecraft:spruce_planks":27,"minecraft:white_bed":14,"minecraft:farmland":1,"minecraft:black_terracotta":3,"minecraft:jungle_leaves":8,"minecraft:brewing_stand":1,"minecraft:obsidian":11,"minecraft:cave_vines_plant":1,"minecraft:acacia_log":129,"minecraft:grass_block":478,"minecraft:jungle_log":17,"minecraft:coal_block":22,"minecraft:crimson_fungus":1,"minecraft:spawner":69,"minecraft:smooth_stone":1,"minecraft:tall_seagrass":1,"minecraft:mossy_cobblestone_slab":1,"minecraft:mossy_cobblestone_stairs":1,"minecraft:red_nether_brick_stairs":1,"minecraft:iron_ore":21,"minecraft:barrel":1,"minecraft:pumpkin":5,"minecraft:fletching_table":4,"minecraft:dark_oak_stairs":1,"minecraft:nether_brick_stairs":7,"minecraft:enchanting_table":2,"minecraft:cave_vines":1,"minecraft:water_cauldron":2,"minecraft:dirt_path":219,"minecraft:oak_stairs":1,"minecraft:iron_bars":1,"minecraft:azalea":1,"minecraft:stripped_mangrove_wood":3,"minecraft:player_head":1,"minecraft:spruce_slab":1,"minecraft:tripwire":7,"minecraft:jungle_trapdoor":4,"minecraft:red_bed":1,"minecraft:kelp_plant":1,"minecraft:crimson_nylium":5,"minecraft:chiseled_quartz_block":1,"minecraft:torch":2,"minecraft:blast_furnace":1,"minecraft:calcite":13,"minecraft:polished_andesite_stairs":1,"minecraft:melon":14,"minecraft:chest":1,"minecraft:dead_bush":1,"minecraft:nether_quartz_ore":101,"minecraft:cobblestone":62,"minecraft:birch_wood":15,"minecraft:damaged_anvil":1,"minecraft:cyan_bed":7,"minecraft:grindstone":1,"minecraft:sugar_cane":6,"minecraft:wall_torch":4,"minecraft:skeleton_skull":1,"minecraft:seagrass":5,"minecraft:white_terracotta":4,"minecraft:jungle_wood":18,"minecraft:nether_wart_block":2,"minecraft:wheat":6,"minecraft:tnt":3,"minecraft:smooth_stone_slab":1,"minecraft:grass":1069,"minecraft:oak_log":18,"minecraft:acacia_fence":14,"minecraft:dirt":299,"minecraft:sand":1,"minecraft:smooth_quartz":29,"minecraft:crimson_planks":3,"minecraft:tripwire_hook":4,"minecraft:dispenser":2,"minecraft:netherrack":187,"minecraft:stripped_crimson_stem":1,"minecraft:piston":18,"minecraft:oak_leaves":5,"minecraft:redstone_lamp":4,"minecraft:yellow_terracotta":38,"minecraft:crying_obsidian":1,"minecraft:mossy_cobblestone":13,"minecraft:dark_oak_leaves":4,"minecraft:lever":1,"minecraft:ladder":1,"minecraft:dark_oak_fence":1,"minecraft:spruce_fence":9,"minecraft:crimson_roots":1,"minecraft:kelp":3,"minecraft:spruce_leaves":1,"minecraft:acacia_slab":3,"minecraft:moss_block":3,"minecraft:rooted_dirt":1,"minecraft:crimson_stem":77,"minecraft:large_fern":19,"minecraft:hay_block":54,"minecraft:black_stained_glass_pane":1,"minecraft:furnace":1,"minecraft:acacia_stairs":81,"minecraft:gold_block":1,"minecraft:bookshelf":51,"minecraft:shroomlight":4,"minecraft:vine":1,"minecraft:stripped_acacia_log":11,"minecraft:bamboo":1,"minecraft:stone":102,"minecraft:smithing_table":1,"minecraft:acacia_leaves":20,"minecraft:glass_pane":4,"minecraft:red_wool":2,"minecraft:soul_sand":16,"minecraft:oak_fence":1,"minecraft:crafting_table":4,"minecraft:rose_bush":2,"minecraft:lectern":3,"minecraft:stone_slab":1,"minecraft:copper_ore":3,"minecraft:tall_grass":35,"minecraft:diorite":2,"minecraft:spruce_stairs":6,"minecraft:gray_wool":1,"minecraft:birch_planks":11,"minecraft:coarse_dirt":7,"minecraft:brick_slab":1,"minecraft:sweet_berry_bush":3,"minecraft:coal_ore":46,"minecraft:cyan_carpet":4,"minecraft:acacia_door":1,"minecraft:gravel":31,"minecraft:dripstone_block":4,"minecraft:gray_carpet":2,"minecraft:cobweb":5,"minecraft:acacia_planks":87,"minecraft:polished_andesite":2,"minecraft:mossy_stone_bricks":1,"minecraft:chipped_anvil":4,"minecraft:fern":2},"minecraft:broken":{"minecraft:iron_chestplate":1,"minecraft:stone_pickaxe":1,"minecraft:stone_sword":1,"minecraft:chainmail_helmet":1,"minecraft:iron_axe":1,"minecraft:iron_helmet":1},"minecraft:crafted":{"irons_spellbooks:wandering_magician_helmet":1,"minecraft:oak_planks":20,"minecraft:cooked_chicken":1,"minecraft:lever":1,"minecraft:diamond_shovel":1,"minecraft:bookshelf":12,"minecraft:quartz_pillar":14,"minecraft:quartz_block":23,"minecraft:chest":12,"minecraft:stone_hoe":1,"minecraft:quartz_stairs":4,"minecraft:wooden_shovel":1,"minecraft:diamond_axe":1,"minecraft:crafting_table":9,"minecraft:birch_planks":60,"minecraft:iron_chestplate":1,"minecraft:diamond_pickaxe":3,"minecraft:shield":1,"aquaculture:iron_hook":1,"minecraft:stick":156,"minecraft:iron_ingot":41,"minecraft:iron_pickaxe":1,"minecraft:stone_sword":1,"minecraft:gold_ingot":10,"minecraft:shears":1,"irons_spellbooks:arcane_ingot":1,"minecraft:coal":198,"minecraft:tripwire_hook":2,"minecraft:leather_leggings":1,"irons_spellbooks:wandering_magician_leggings":1,"minecraft:furnace":2,"minecraft:jungle_trapdoor":4,"irons_spellbooks:graybeard_staff":1,"minecraft:flint_and_steel":1,"minecraft:iron_axe":1,"minecraft:stone_pickaxe":1,"minecraft:wheat":423,"minecraft:crimson_planks":64,"minecraft:iron_sword":2,"minecraft:leather_helmet":2,"minecraft:bucket":2,"minecraft:stone_axe":1,"minecraft:air":0,"minecraft:acacia_boat":1,"minecraft:bread":128,"minecraft:jungle_planks":96,"minecraft:golden_apple":2,"minecraft:wooden_axe":1,"minecraft:acacia_planks":184,"irons_spellbooks:wandering_magician_boots":1,"minecraft:torch":520}},"DataVersion":3465}