{"stats":{"minecraft:used":{"minecraft:bread":2,"minecraft:iron_pickaxe":17,"minecraft:leather_helmet":1,"minecraft:wooden_pickaxe":28,"minecraft:green_bed":1,"minecraft:stone_axe":13,"minecraft:dirt":1,"minecraft:cobblestone":5,"minecraft:crafting_table":4,"minecraft:oak_sapling":3,"minecraft:oak_boat":1},"minecraft:dropped":{"minecraft:stone_axe":1,"minecraft:cobblestone":5,"minecraft:wooden_pickaxe":1,"minecraft:iron_pickaxe":1},"minecraft:picked_up":{"minecraft:raw_iron":8,"minecraft:crafting_table":3,"minecraft:clock":1,"minecraft:glow_item_frame":1,"minecraft:smithing_table":1,"minecraft:green_bed":2,"minecraft:oak_log":11,"minecraft:blast_furnace":1,"minecraft:brewing_stand":1,"minecraft:dirt":1,"minecraft:item_frame":2,"minecraft:slime_ball":1,"minecraft:saddle":1,"minecraft:oak_sapling":3,"minecraft:coal_block":2,"minecraft:coal":14,"minecraft:cobblestone":19},"minecraft:custom":{"minecraft:time_since_rest":4899,"minecraft:walk_one_cm":87959,"minecraft:sprint_one_cm":19479,"minecraft:damage_taken":80,"minecraft:drop":5,"minecraft:interact_with_crafting_table":6,"minecraft:talked_to_villager":6,"minecraft:fly_one_cm":27768,"minecraft:open_barrel":1,"minecraft:open_chest":17,"minecraft:crouch_one_cm":3,"minecraft:play_time":17752,"minecraft:sneak_time":7,"minecraft:boat_one_cm":20,"minecraft:jump":225,"minecraft:interact_with_blast_furnace":1,"minecraft:walk_on_water_one_cm":170,"minecraft:time_since_death":17752,"minecraft:sleep_in_bed":1,"minecraft:climb_one_cm":83,"minecraft:total_world_time":17752,"minecraft:fall_one_cm":5878},"minecraft:mined":{"minecraft:smithing_table":1,"minecraft:brewing_stand":1,"minecraft:crafting_table":3,"minecraft:bookshelf":1,"minecraft:blast_furnace":1,"minecraft:coal_ore":8,"minecraft:oak_log":13,"minecraft:deepslate_iron_ore":8,"minecraft:dirt":1,"minecraft:coal_block":2,"minecraft:deepslate_coal_ore":6,"minecraft:stone":19,"minecraft:oak_leaves":2,"minecraft:green_bed":2},"minecraft:crafted":{"minecraft:oak_boat":1,"minecraft:oak_planks":44,"minecraft:crafting_table":2,"minecraft:stick":12,"minecraft:wooden_pickaxe":1,"minecraft:stone_pickaxe":1,"minecraft:stone_axe":2}},"DataVersion":3465}