{"stats":{"minecraft:killed_by":{"minecraft:vindicator":1},"minecraft:used":{"minecraft:mossy_stone_bricks":1,"minecraft:damaged_anvil":1,"minecraft:stone_sword":129,"minecraft:dark_oak_sign":3,"minecraft:gray_carpet":2,"minecraft:stone_pickaxe":159,"minecraft:chest":1,"minecraft:iron_sword":145,"minecraft:jungle_boat":1,"minecraft:torch":20,"minecraft:golden_apple":1,"minecraft:crafting_table":5,"minecraft:blast_furnace":1,"minecraft:jungle_planks":2,"minecraft:jungle_trapdoor":1,"minecraft:cake":2,"minecraft:wooden_axe":5,"minecraft:cyan_carpet":2,"minecraft:cyan_bed":2,"minecraft:melon_slice":46,"minecraft:jungle_log":2,"minecraft:crimson_planks":1,"minecraft:stone_axe":44,"minecraft:cobblestone":33,"minecraft:bucket":1,"minecraft:pumpkin_pie":2,"minecraft:egg":1},"minecraft:dropped":{"minecraft:stone_axe":1,"minecraft:rose_bush":1,"minecraft:melon_slice":29},"minecraft:killed":{"minecraft:husk":41,"minecraft:zombie_villager":1,"minecraft:spider":1,"minecraft:skeleton":3,"minecraft:zombie":2},"minecraft:picked_up":{"minecraft:crafting_table":3,"minecraft:jungle_boat":1,"minecraft:jungle_log":17,"minecraft:potion":1,"minecraft:mushroom_stew":2,"minecraft:crimson_planks":2,"minecraft:brewing_stand":1,"minecraft:shield":1,"minecraft:dirt":13,"minecraft:string":2,"minecraft:raw_copper":20,"minecraft:iron_leggings":1,"minecraft:item_frame":1,"minecraft:bone":6,"minecraft:cyan_carpet":2,"minecraft:gray_carpet":2,"minecraft:wheat_seeds":42,"minecraft:iron_ingot":19,"minecraft:spruce_planks":7,"minecraft:stone_pickaxe":2,"minecraft:calcite":2,"minecraft:dark_oak_sign":6,"minecraft:mossy_stone_bricks":1,"minecraft:bamboo":9,"minecraft:melon_slice":89,"minecraft:moss_block":2,"minecraft:sugar_cane":2,"minecraft:egg":1,"minecraft:book":63,"minecraft:stick":1,"minecraft:raw_iron":36,"minecraft:torch":8,"sophisticatedbackpacks:backpack":1,"minecraft:jungle_planks":20,"minecraft:sand":1,"minecraft:cake":1,"minecraft:blast_furnace":2,"minecraft:cyan_bed":6,"minecraft:mossy_cobblestone":2,"minecraft:stone_sword":1,"minecraft:arrow":2,"minecraft:rotten_flesh":52,"minecraft:stone_axe":1,"minecraft:pumpkin_pie":4,"minecraft:iron_helmet":1,"minecraft:hay_block":5,"minecraft:golden_apple":1,"minecraft:gold_ingot":2,"minecraft:damaged_anvil":1,"minecraft:coal":91,"minecraft:cobblestone":98},"minecraft:custom":{"minecraft:interact_with_smithing_table":1,"minecraft:mob_kills":48,"minecraft:interact_with_crafting_table":9,"minecraft:open_barrel":8,"minecraft:sleep_in_bed":2,"minecraft:time_since_death":20953,"minecraft:climb_one_cm":3062,"minecraft:time_since_rest":4193,"minecraft:sprint_one_cm":100164,"minecraft:damage_absorbed":40,"minecraft:damage_taken":1287,"minecraft:walk_one_cm":193889,"minecraft:drop":3,"minecraft:damage_dealt":13682,"minecraft:swim_one_cm":14439,"minecraft:fly_one_cm":219434,"minecraft:open_chest":10,"minecraft:crouch_one_cm":2038,"minecraft:play_time":52021,"minecraft:deaths":2,"minecraft:sneak_time":394,"minecraft:walk_under_water_one_cm":3523,"minecraft:jump":1083,"minecraft:interact_with_blast_furnace":5,"minecraft:walk_on_water_one_cm":2678,"minecraft:total_world_time":52021,"minecraft:fall_one_cm":27764,"minecraft:inspect_dispenser":1},"minecraft:mined":{"minecraft:smithing_table":1,"minecraft:spruce_planks":5,"minecraft:mossy_cobblestone":2,"minecraft:brewing_stand":1,"minecraft:crafting_table":2,"minecraft:torch":1,"minecraft:cave_vines_plant":1,"minecraft:calcite":2,"minecraft:blast_furnace":1,"minecraft:grass_block":3,"minecraft:melon":14,"minecraft:jungle_log":17,"minecraft:dead_bush":1,"minecraft:copper_ore":3,"minecraft:tall_grass":3,"minecraft:cobblestone":14,"minecraft:cyan_bed":4,"minecraft:sugar_cane":1,"minecraft:moss_block":2,"minecraft:damaged_anvil":1,"minecraft:spawner":3,"minecraft:hay_block":7,"minecraft:iron_ore":19,"minecraft:wheat":4,"minecraft:grass":358,"minecraft:bookshelf":11,"minecraft:coal_ore":46,"minecraft:cave_vines":1,"minecraft:cyan_carpet":2,"minecraft:sand":1,"minecraft:dirt":4,"minecraft:gray_carpet":2,"minecraft:crimson_planks":1,"minecraft:bamboo":1,"minecraft:azalea":1,"minecraft:stone":59,"minecraft:mossy_stone_bricks":1,"minecraft:fern":1},"minecraft:broken":{"minecraft:stone_pickaxe":1,"minecraft:stone_sword":1},"minecraft:crafted":{"minecraft:crafting_table":4,"minecraft:iron_sword":1,"minecraft:jungle_trapdoor":2,"minecraft:bucket":1,"minecraft:stone_axe":1,"minecraft:air":0,"minecraft:jungle_planks":60,"minecraft:stick":16,"minecraft:iron_ingot":16,"minecraft:stone_pickaxe":1,"minecraft:wooden_axe":1,"minecraft:stone_sword":1,"minecraft:chest":1,"minecraft:torch":24}},"DataVersion":3465}