{"stats":{"minecraft:used":{"minecraft:iron_sword":6,"minecraft:shield":1,"minecraft:wooden_pickaxe":28,"minecraft:green_bed":4,"minecraft:dirt":4,"minecraft:crafting_table":6,"minecraft:blast_furnace":1,"minecraft:dripstone_block":5,"minecraft:granite":9,"minecraft:bread":16,"minecraft:iron_pickaxe":104,"minecraft:leather_helmet":1,"minecraft:stone_axe":57,"minecraft:cobblestone":28,"minecraft:furnace":1,"minecraft:oak_sapling":3,"minecraft:oak_boat":3},"minecraft:dropped":{"minecraft:bread":24,"minecraft:stone_axe":1,"cataclysm:lionfish":1,"minecraft:cobblestone":5,"minecraft:rotten_flesh":2,"minecraft:lantern":1,"minecraft:dirt":1,"minecraft:shield":1,"aquaculture:bluegill":1,"minecraft:iron_chestplate":1,"minecraft:beetroot_seeds":10,"minecraft:oak_sapling":3,"minecraft:leather_leggings":1,"minecraft:stone_pickaxe":1,"minecraft:wooden_pickaxe":1,"minecraft:iron_pickaxe":1},"minecraft:killed":{"cataclysm:deepling_angler":1,"aquaculture:bluegill":1,"minecraft:creeper":1,"minecraft:pillager":3,"minecraft:zombie":3,"naturalist:catfish":1},"minecraft:picked_up":{"minecraft:crafting_table":4,"minecraft:clock":1,"minecraft:smithing_table":1,"minecraft:lead":1,"minecraft:gold_block":1,"minecraft:stripped_spruce_wood":4,"minecraft:tuff":14,"minecraft:oak_log":11,"minecraft:lily_pad":5,"minecraft:brewing_stand":1,"minecraft:gunpowder":1,"minecraft:dirt":5,"minecraft:lantern":1,"minecraft:item_frame":2,"aquaculture:bluegill":1,"minecraft:oak_boat":1,"naturalist:catfish":1,"minecraft:sugar_cane":4,"minecraft:coal_block":2,"minecraft:furnace":1,"minecraft:book":27,"minecraft:raw_iron":8,"minecraft:glow_item_frame":1,"minecraft:green_bed":4,"sophisticatedbackpacks:backpack":1,"minecraft:dripstone_block":5,"minecraft:blast_furnace":2,"minecraft:spruce_log":6,"cataclysm:lionfish":1,"minecraft:rotten_flesh":1,"minecraft:slime_ball":1,"minecraft:crossbow":1,"minecraft:granite":9,"minecraft:bread":10,"minecraft:saddle":1,"minecraft:emerald":3,"minecraft:oak_sapling":6,"minecraft:iron_bars":1,"minecraft:coal":36,"minecraft:cobblestone":68},"minecraft:custom":{"minecraft:interact_with_furnace":1,"minecraft:mob_kills":10,"minecraft:interact_with_crafting_table":19,"minecraft:open_barrel":1,"minecraft:time_since_death":53752,"minecraft:sleep_in_bed":4,"minecraft:climb_one_cm":506,"minecraft:time_since_rest":20,"minecraft:sprint_one_cm":42813,"minecraft:damage_taken":769,"minecraft:walk_one_cm":186291,"minecraft:damage_blocked_by_shield":30,"minecraft:drop":32,"minecraft:damage_dealt":1416,"minecraft:damage_dealt_absorbed":40,"minecraft:swim_one_cm":34610,"minecraft:talked_to_villager":7,"minecraft:fly_one_cm":74432,"minecraft:open_chest":19,"minecraft:crouch_one_cm":3477,"minecraft:play_time":53752,"minecraft:sneak_time":1146,"minecraft:walk_under_water_one_cm":14513,"minecraft:boat_one_cm":51804,"minecraft:jump":859,"minecraft:interact_with_blast_furnace":7,"minecraft:walk_on_water_one_cm":24522,"minecraft:total_world_time":53752,"minecraft:fall_one_cm":17626},"minecraft:mined":{"minecraft:smithing_table":1,"minecraft:tuff":14,"minecraft:mangrove_roots":1,"minecraft:brewing_stand":1,"minecraft:crafting_table":4,"minecraft:granite":9,"minecraft:blast_furnace":2,"minecraft:emerald_ore":3,"minecraft:grass_block":4,"minecraft:coal_block":2,"minecraft:deepslate_coal_ore":6,"minecraft:sugar_cane":1,"minecraft:large_fern":1,"minecraft:furnace":1,"minecraft:stripped_spruce_wood":4,"minecraft:spruce_log":7,"minecraft:gold_block":1,"minecraft:grass":3,"minecraft:bookshelf":9,"minecraft:oak_log":13,"minecraft:coal_ore":8,"minecraft:deepslate_iron_ore":8,"minecraft:iron_bars":1,"minecraft:dripstone_block":5,"minecraft:dirt":1,"minecraft:stone":69,"minecraft:oak_leaves":2,"minecraft:green_bed":4},"minecraft:crafted":{"minecraft:oak_planks":44,"minecraft:crafting_table":4,"minecraft:spruce_planks":40,"minecraft:wooden_pickaxe":1,"minecraft:iron_sword":1,"minecraft:stone_axe":2,"minecraft:bread":13,"minecraft:air":0,"minecraft:oak_boat":2,"minecraft:iron_chestplate":1,"minecraft:iron_boots":1,"minecraft:shield":2,"minecraft:stick":16,"minecraft:iron_ingot":8,"minecraft:stone_pickaxe":1}},"DataVersion":3465}