{"stats":{"minecraft:killed_by":{"minecraft:wither_skeleton":2,"minecraft:vindicator":1},"minecraft:used":{"minecraft:chest":11,"minecraft:shield":18,"minecraft:iron_sword":246,"minecraft:quartz_stairs":4,"minecraft:jungle_planks":2,"minecraft:obsidian":11,"minecraft:quartz_pillar":14,"minecraft:quartz_block":3,"minecraft:item_frame":1,"minecraft:furnace":1,"minecraft:egg":1,"minecraft:mossy_stone_bricks":1,"minecraft:damaged_anvil":1,"minecraft:dark_oak_sign":3,"minecraft:gray_carpet":2,"minecraft:stone_pickaxe":244,"minecraft:diamond_axe":432,"minecraft:sugar_cane":3,"minecraft:jungle_boat":1,"minecraft:golden_apple":1,"minecraft:mushroom_stew":1,"minecraft:blast_furnace":1,"minecraft:shears":2,"minecraft:lever":2,"minecraft:cyan_bed":7,"minecraft:bread":111,"minecraft:melon_slice":46,"minecraft:string":6,"minecraft:cyan_carpet":3,"minecraft:diamond_sword":1361,"minecraft:experience_bottle":82,"minecraft:rose_bush":1,"minecraft:enchanting_table":2,"minecraft:stone_sword":129,"minecraft:flint_and_steel":1,"minecraft:stone_hoe":47,"minecraft:netherrack":84,"minecraft:torch":342,"minecraft:brewing_stand":1,"minecraft:dirt":723,"minecraft:jungle_trapdoor":5,"minecraft:spruce_fence":3,"minecraft:shroomlight":2,"minecraft:wooden_axe":5,"minecraft:dark_oak_planks":2,"minecraft:chipped_anvil":3,"minecraft:bookshelf":12,"minecraft:iron_axe":175,"minecraft:jungle_log":2,"minecraft:smooth_quartz":15,"minecraft:crimson_planks":27,"minecraft:barrel":1,"minecraft:tripwire_hook":4,"minecraft:golden_carrot":37,"minecraft:crimson_stem":20,"minecraft:water_bucket":11,"minecraft:birch_planks":47,"minecraft:mangrove_trapdoor":1,"minecraft:crafting_table":10,"minecraft:white_bed":7,"minecraft:painting":1,"minecraft:cake":2,"minecraft:diamond_pickaxe":492,"minecraft:diamond_shovel":901,"minecraft:map":1,"minecraft:stone_slab":1,"minecraft:stone_axe":44,"minecraft:cobblestone":82,"minecraft:potion":1,"minecraft:bucket":13,"minecraft:pumpkin_pie":3},"minecraft:dropped":{"minecraft:iron_sword":1,"minecraft:birch_planks":1,"minecraft:glass_bottle":1,"irons_spellbooks:arcane_essence":7,"minecraft:stone_axe":1,"minecraft:rotten_flesh":2,"minecraft:chainmail_chestplate":1,"minecraft:bread":64,"minecraft:wheat_seeds":3,"minecraft:cobblestone":11,"minecraft:coal_block":7,"irons_spellbooks:scroll":1,"irons_spellbooks:affinity_ring":1,"minecraft:torch":110,"minecraft:rose_bush":1,"minecraft:melon_slice":29,"minecraft:chipped_anvil":1,"minecraft:string":2,"minecraft:bowl":1,"irons_spellbooks:graybeard_staff":1,"minecraft:name_tag":1,"minecraft:filled_map":2,"minecraft:diamond_sword":5,"minecraft:diamond_pickaxe":1,"minecraft:stone_pickaxe":1},"minecraft:killed":{"minecraft:cave_spider":62,"minecraft:spider":54,"minecraft:skeleton":26,"minecraft:magma_cube":9,"minecraft:piglin":10,"minecraft:zombie_villager":2,"irons_spellbooks:necromancer":2,"minecraft:creeper":2,"minecraft:zombie":26,"irons_spellbooks:summoned_zombie":2,"minecraft:husk":45,"minecraft:hoglin":1,"minecraft:wither_skeleton":128},"minecraft:picked_up":{"irons_spellbooks:scroll":1,"minecraft:iron_chestplate":3,"minecraft:wheat":78,"minecraft:chainmail_boots":3,"irons_spellbooks:wandering_magician_leggings":1,"irons_spellbooks:affinity_ring":1,"minecraft:diamond_sword":29,"minecraft:stone_slab":1,"minecraft:enchanted_book":4,"minecraft:potion":1,"minecraft:crimson_planks":4,"minecraft:brewing_stand":1,"minecraft:golden_sword":1,"minecraft:string":147,"minecraft:raw_copper":20,"irons_spellbooks:graybeard_staff":2,"minecraft:iron_leggings":1,"minecraft:experience_bottle":52,"minecraft:shroomlight":4,"irons_spellbooks:arcane_essence":10,"minecraft:diamond_leggings":3,"minecraft:smooth_stone":1,"minecraft:bucket":2,"minecraft:spruce_planks":30,"minecraft:rose_bush":1,"minecraft:calcite":2,"minecraft:iron_pickaxe":2,"minecraft:smooth_quartz":42,"minecraft:melon_slice":89,"minecraft:coal_block":20,"minecraft:iron_boots":2,"minecraft:stick":21,"minecraft:acacia_fence":14,"minecraft:torch":378,"minecraft:acacia_log":148,"minecraft:porkchop":6,"minecraft:cauldron":2,"minecraft:stone_sword":1,"minecraft:rotten_flesh":88,"minecraft:obsidian":11,"minecraft:cobblestone":171,"minecraft:enchanting_table":3,"minecraft:jungle_log":17,"minecraft:jungle_wood":12,"minecraft:chiseled_quartz_block":1,"minecraft:potato":2,"minecraft:flint":4,"minecraft:wither_skeleton_skull":2,"minecraft:dirt":822,"minecraft:name_tag":11,"minecraft:leather_boots":1,"irons_spellbooks:hogskin":2,"minecraft:bone":223,"minecraft:chipped_anvil":4,"minecraft:acacia_planks":136,"minecraft:bow":1,"minecraft:wheat_seeds":140,"minecraft:birch_wood":15,"minecraft:grindstone":1,"minecraft:dark_oak_sign":6,"minecraft:bamboo":9,"minecraft:mossy_stone_bricks":1,"minecraft:fletching_table":4,"minecraft:moss_block":2,"minecraft:stone_hoe":1,"minecraft:cooked_porkchop":18,"minecraft:stripped_crimson_stem":1,"minecraft:jungle_planks":20,"minecraft:sand":1,"minecraft:diamond_block":6,"minecraft:cyan_bed":9,"minecraft:acacia_stairs":81,"minecraft:barrel":1,"minecraft:mossy_cobblestone":11,"minecraft:dark_prismarine":2,"minecraft:stripped_acacia_log":11,"minecraft:dispenser":2,"minecraft:diamond":16,"minecraft:lever":2,"minecraft:golden_apple":6,"minecraft:bread":437,"minecraft:chainmail_helmet":6,"minecraft:emerald":12,"minecraft:netherrack":156,"minecraft:crimson_roots":2,"minecraft:diamond_pickaxe":2,"minecraft:crafting_table":4,"minecraft:coarse_dirt":7,"minecraft:ladder":1,"minecraft:redstone_lamp":4,"irons_spellbooks:tarnished_helmet":1,"minecraft:gold_block":2,"minecraft:shield":8,"minecraft:jungle_trapdoor":4,"minecraft:acacia_door":2,"minecraft:item_frame":1,"minecraft:white_carpet":1,"minecraft:iron_shovel":1,"minecraft:cyan_carpet":10,"minecraft:iron_nugget":47,"minecraft:spruce_slab":1,"minecraft:lectern":3,"minecraft:sugar_cane":11,"minecraft:chest":2,"minecraft:piston":19,"minecraft:egg":1,"minecraft:dark_oak_sapling":1,"minecraft:raw_iron":38,"sophisticatedbackpacks:backpack":5,"minecraft:spruce_fence":9,"minecraft:cake":1,"minecraft:redstone":2,"minecraft:dark_oak_planks":12,"minecraft:arrow":126,"minecraft:diamond_chestplate":2,"minecraft:pumpkin_pie":10,"minecraft:diamond_boots":1,"minecraft:hay_block":52,"minecraft:yellow_terracotta":38,"irons_spellbooks:wandering_magician_helmet":1,"minecraft:saddle":1,"minecraft:gold_ingot":6,"minecraft:white_wool":1,"minecraft:jungle_boat":1,"minecraft:golden_carrot":40,"minecraft:crimson_stem":75,"minecraft:tripwire_hook":5,"minecraft:leather":2,"minecraft:red_mushroom":1,"minecraft:birch_planks":119,"minecraft:mushroom_stew":2,"minecraft:crimson_fungus":1,"minecraft:oak_log":4,"minecraft:chainmail_chestplate":3,"minecraft:nether_wart_block":2,"minecraft:gunpowder":8,"minecraft:gray_carpet":2,"minecraft:iron_ingot":22,"minecraft:stone_pickaxe":4,"minecraft:iron_ore":23,"minecraft:iron_sword":2,"minecraft:acacia_sapling":11,"minecraft:book":115,"minecraft:quartz":95,"minecraft:dripstone_block":4,"minecraft:gravel":26,"minecraft:blast_furnace":2,"minecraft:white_bed":9,"minecraft:crying_obsidian":1,"minecraft:spider_eye":55,"minecraft:stone_axe":1,"minecraft:chainmail_leggings":6,"minecraft:iron_helmet":4,"minecraft:painting":1,"minecraft:damaged_anvil":1,"minecraft:brown_banner":4,"minecraft:acacia_slab":3,"minecraft:melon_seeds":1,"minecraft:coal":197},"minecraft:custom":{"minecraft:interact_with_crafting_table":56,"minecraft:open_barrel":21,"minecraft:eat_cake_slice":1,"minecraft:leave_game":1,"minecraft:time_since_death":118066,"minecraft:sprint_one_cm":546466,"minecraft:damage_blocked_by_shield":532,"minecraft:drop":35,"minecraft:talked_to_villager":3,"minecraft:play_time":308078,"minecraft:deaths":6,"minecraft:jump":4759,"minecraft:walk_on_water_one_cm":20104,"minecraft:interact_with_furnace":5,"minecraft:interact_with_loom":1,"minecraft:sleep_in_bed":13,"minecraft:damage_dealt":118053,"minecraft:player_kills":1,"minecraft:crouch_one_cm":21866,"minecraft:inspect_dispenser":4,"minecraft:interact_with_smithing_table":1,"minecraft:mob_kills":378,"minecraft:interact_with_anvil":8,"minecraft:damage_dealt_resisted":15272,"minecraft:climb_one_cm":23822,"minecraft:walk_one_cm":1279235,"minecraft:sneak_time":5415,"minecraft:walk_under_water_one_cm":7863,"minecraft:interact_with_blast_furnace":9,"minecraft:total_world_time":308078,"minecraft:tune_noteblock":4,"minecraft:time_since_rest":2877,"minecraft:damage_taken":11298,"minecraft:damage_absorbed":40,"minecraft:swim_one_cm":27977,"minecraft:fly_one_cm":826737,"minecraft:open_chest":344,"minecraft:fall_one_cm":84889},"minecraft:mined":{"minecraft:dark_oak_planks":12,"minecraft:spruce_planks":9,"minecraft:white_bed":9,"minecraft:farmland":1,"minecraft:jungle_leaves":5,"minecraft:brewing_stand":1,"minecraft:obsidian":11,"minecraft:cave_vines_plant":1,"minecraft:acacia_log":129,"minecraft:grass_block":373,"minecraft:jungle_log":17,"minecraft:coal_block":21,"minecraft:crimson_fungus":1,"minecraft:spawner":53,"minecraft:smooth_stone":1,"minecraft:tall_seagrass":1,"minecraft:iron_ore":21,"minecraft:barrel":1,"minecraft:fletching_table":4,"minecraft:enchanting_table":2,"minecraft:cave_vines":1,"minecraft:water_cauldron":2,"minecraft:dirt_path":219,"minecraft:azalea":1,"minecraft:spruce_slab":1,"minecraft:tripwire":7,"minecraft:jungle_trapdoor":4,"minecraft:crimson_nylium":5,"minecraft:chiseled_quartz_block":1,"minecraft:torch":2,"minecraft:blast_furnace":1,"minecraft:calcite":2,"minecraft:melon":14,"minecraft:chest":1,"minecraft:dead_bush":1,"minecraft:nether_quartz_ore":101,"minecraft:cobblestone":58,"minecraft:birch_wood":15,"minecraft:cyan_bed":7,"minecraft:grindstone":1,"minecraft:sugar_cane":5,"minecraft:damaged_anvil":1,"minecraft:wall_torch":4,"minecraft:seagrass":5,"minecraft:jungle_wood":12,"minecraft:nether_wart_block":2,"minecraft:wheat":6,"minecraft:grass":1062,"minecraft:oak_log":4,"minecraft:acacia_fence":14,"minecraft:dirt":216,"minecraft:sand":1,"minecraft:smooth_quartz":29,"minecraft:crimson_planks":3,"minecraft:tripwire_hook":4,"minecraft:dispenser":2,"minecraft:netherrack":187,"minecraft:stripped_crimson_stem":1,"minecraft:piston":18,"minecraft:oak_leaves":2,"minecraft:redstone_lamp":4,"minecraft:yellow_terracotta":38,"minecraft:crying_obsidian":1,"minecraft:mossy_cobblestone":11,"minecraft:ladder":1,"minecraft:lever":1,"minecraft:spruce_fence":8,"minecraft:crimson_roots":1,"minecraft:acacia_slab":3,"minecraft:moss_block":2,"minecraft:crimson_stem":77,"minecraft:hay_block":54,"minecraft:black_stained_glass_pane":1,"minecraft:acacia_stairs":81,"minecraft:gold_block":1,"minecraft:bookshelf":23,"minecraft:vine":1,"minecraft:shroomlight":4,"minecraft:stripped_acacia_log":11,"minecraft:bamboo":1,"minecraft:stone":76,"minecraft:smithing_table":1,"minecraft:acacia_leaves":19,"minecraft:glass_pane":4,"minecraft:crafting_table":2,"minecraft:rose_bush":2,"minecraft:lectern":3,"minecraft:stone_slab":1,"minecraft:tall_grass":34,"minecraft:copper_ore":3,"minecraft:birch_planks":11,"minecraft:coarse_dirt":7,"minecraft:coal_ore":46,"minecraft:gravel":31,"minecraft:cyan_carpet":4,"minecraft:acacia_door":1,"minecraft:dripstone_block":4,"minecraft:gray_carpet":2,"minecraft:cobweb":3,"minecraft:acacia_planks":87,"minecraft:chipped_anvil":4,"minecraft:mossy_stone_bricks":1,"minecraft:fern":2},"minecraft:broken":{"minecraft:iron_chestplate":1,"minecraft:stone_pickaxe":1,"minecraft:stone_sword":1,"minecraft:chainmail_helmet":1,"minecraft:iron_axe":1},"minecraft:crafted":{"irons_spellbooks:wandering_magician_helmet":1,"minecraft:lever":1,"minecraft:diamond_shovel":1,"minecraft:bookshelf":12,"minecraft:quartz_pillar":14,"minecraft:quartz_block":23,"minecraft:chest":10,"minecraft:stone_hoe":1,"minecraft:quartz_stairs":4,"minecraft:wooden_shovel":1,"minecraft:diamond_axe":1,"minecraft:crafting_table":8,"minecraft:birch_planks":60,"minecraft:iron_chestplate":1,"minecraft:diamond_pickaxe":3,"minecraft:shield":1,"aquaculture:iron_hook":1,"minecraft:stick":156,"minecraft:iron_ingot":34,"minecraft:iron_pickaxe":1,"minecraft:stone_sword":1,"minecraft:shears":1,"irons_spellbooks:arcane_ingot":1,"minecraft:coal":198,"minecraft:tripwire_hook":2,"minecraft:leather_leggings":1,"irons_spellbooks:wandering_magician_leggings":1,"minecraft:furnace":1,"minecraft:jungle_trapdoor":4,"irons_spellbooks:graybeard_staff":1,"minecraft:flint_and_steel":1,"minecraft:iron_axe":1,"minecraft:stone_pickaxe":1,"minecraft:wheat":423,"minecraft:crimson_planks":64,"minecraft:iron_sword":2,"minecraft:leather_helmet":2,"minecraft:bucket":2,"minecraft:stone_axe":1,"minecraft:bread":128,"minecraft:air":0,"minecraft:jungle_planks":60,"minecraft:wooden_axe":1,"minecraft:acacia_planks":184,"irons_spellbooks:wandering_magician_boots":1,"minecraft:torch":520}},"DataVersion":3465}