{"stats":{"minecraft:killed_by":{"minecraft:vindicator":1},"minecraft:used":{"minecraft:stone_sword":129,"minecraft:chest":1,"minecraft:iron_sword":146,"minecraft:torch":20,"minecraft:dirt":13,"minecraft:jungle_planks":2,"minecraft:jungle_trapdoor":5,"minecraft:wooden_axe":5,"minecraft:jungle_log":2,"minecraft:crimson_planks":1,"minecraft:item_frame":1,"minecraft:tripwire_hook":4,"minecraft:egg":1,"minecraft:mossy_stone_bricks":1,"minecraft:water_bucket":6,"minecraft:damaged_anvil":1,"minecraft:stone_pickaxe":185,"minecraft:gray_carpet":2,"minecraft:dark_oak_sign":3,"minecraft:sugar_cane":3,"minecraft:jungle_boat":1,"minecraft:golden_apple":1,"minecraft:mangrove_trapdoor":1,"minecraft:crafting_table":5,"minecraft:mushroom_stew":1,"minecraft:blast_furnace":1,"minecraft:painting":1,"minecraft:shears":1,"minecraft:cake":2,"minecraft:lever":2,"minecraft:melon_slice":46,"minecraft:cyan_bed":3,"minecraft:string":4,"minecraft:cyan_carpet":2,"minecraft:stone_axe":44,"minecraft:cobblestone":73,"minecraft:potion":1,"minecraft:bucket":6,"minecraft:pumpkin_pie":2},"minecraft:dropped":{"minecraft:glass_bottle":1,"irons_spellbooks:scroll":1,"minecraft:melon_slice":29,"minecraft:rose_bush":1,"minecraft:stone_axe":1,"minecraft:bowl":1},"minecraft:killed":{"minecraft:spider":1,"minecraft:skeleton":3,"minecraft:husk":41,"minecraft:zombie_villager":1,"minecraft:zombie":2},"minecraft:picked_up":{"irons_spellbooks:scroll":1,"minecraft:crafting_table":3,"minecraft:potion":1,"minecraft:crimson_planks":2,"minecraft:brewing_stand":1,"minecraft:shield":2,"minecraft:jungle_trapdoor":2,"minecraft:string":6,"minecraft:raw_copper":20,"minecraft:iron_leggings":1,"minecraft:item_frame":1,"minecraft:cyan_carpet":2,"minecraft:spruce_planks":7,"minecraft:calcite":2,"minecraft:melon_slice":89,"minecraft:sugar_cane":5,"minecraft:egg":1,"minecraft:raw_iron":36,"minecraft:stick":1,"minecraft:torch":8,"sophisticatedbackpacks:backpack":1,"minecraft:cake":1,"minecraft:stone_sword":1,"minecraft:arrow":2,"minecraft:rotten_flesh":52,"minecraft:pumpkin_pie":4,"minecraft:hay_block":5,"minecraft:gold_ingot":2,"minecraft:cobblestone":120,"minecraft:jungle_boat":1,"minecraft:tripwire_hook":2,"minecraft:jungle_log":17,"minecraft:mushroom_stew":2,"minecraft:dirt":19,"minecraft:bone":6,"minecraft:gray_carpet":2,"minecraft:wheat_seeds":62,"minecraft:iron_ingot":19,"minecraft:stone_pickaxe":2,"minecraft:dark_oak_sign":6,"minecraft:mossy_stone_bricks":1,"minecraft:bamboo":9,"minecraft:moss_block":2,"minecraft:book":63,"minecraft:sand":1,"minecraft:jungle_planks":20,"minecraft:blast_furnace":2,"minecraft:cyan_bed":7,"minecraft:mossy_cobblestone":2,"minecraft:stone_axe":1,"minecraft:lever":1,"minecraft:iron_helmet":1,"minecraft:golden_apple":1,"minecraft:damaged_anvil":1,"minecraft:coal":91},"minecraft:custom":{"minecraft:interact_with_smithing_table":1,"minecraft:mob_kills":48,"minecraft:interact_with_crafting_table":19,"minecraft:open_barrel":8,"minecraft:eat_cake_slice":1,"minecraft:time_since_death":32953,"minecraft:climb_one_cm":3062,"minecraft:sprint_one_cm":113283,"minecraft:walk_one_cm":237605,"minecraft:drop":6,"minecraft:deaths":2,"minecraft:play_time":64021,"minecraft:sneak_time":555,"minecraft:walk_under_water_one_cm":3568,"minecraft:jump":1197,"minecraft:interact_with_blast_furnace":6,"minecraft:walk_on_water_one_cm":8109,"minecraft:total_world_time":64021,"minecraft:sleep_in_bed":3,"minecraft:time_since_rest":1831,"minecraft:damage_taken":1414,"minecraft:damage_absorbed":40,"minecraft:damage_dealt":13751,"minecraft:swim_one_cm":14439,"minecraft:fly_one_cm":243997,"minecraft:open_chest":21,"minecraft:crouch_one_cm":2281,"minecraft:fall_one_cm":29881,"minecraft:inspect_dispenser":1},"minecraft:mined":{"minecraft:spruce_planks":5,"minecraft:mossy_cobblestone":2,"minecraft:brewing_stand":1,"minecraft:cave_vines_plant":1,"minecraft:lever":1,"minecraft:grass_block":9,"minecraft:jungle_log":17,"minecraft:moss_block":2,"minecraft:spawner":3,"minecraft:hay_block":7,"minecraft:iron_ore":19,"minecraft:bookshelf":11,"minecraft:cave_vines":1,"minecraft:bamboo":1,"minecraft:azalea":1,"minecraft:stone":69,"minecraft:tripwire":3,"minecraft:jungle_trapdoor":2,"minecraft:smithing_table":1,"minecraft:crafting_table":2,"minecraft:torch":1,"minecraft:blast_furnace":1,"minecraft:calcite":2,"minecraft:melon":14,"minecraft:dead_bush":1,"minecraft:cobblestone":26,"minecraft:tall_grass":16,"minecraft:copper_ore":3,"minecraft:cyan_bed":5,"minecraft:damaged_anvil":1,"minecraft:sugar_cane":2,"minecraft:wheat":4,"minecraft:grass":471,"minecraft:coal_ore":46,"minecraft:crimson_planks":1,"minecraft:cyan_carpet":2,"minecraft:gravel":1,"minecraft:sand":1,"minecraft:dirt":4,"minecraft:gray_carpet":2,"minecraft:tripwire_hook":2,"minecraft:mossy_stone_bricks":1,"minecraft:fern":1},"minecraft:broken":{"minecraft:stone_sword":1,"minecraft:stone_pickaxe":1},"minecraft:crafted":{"minecraft:tripwire_hook":2,"minecraft:jungle_trapdoor":4,"minecraft:lever":1,"minecraft:stone_pickaxe":1,"minecraft:chest":1,"minecraft:crafting_table":4,"minecraft:iron_sword":1,"minecraft:bucket":1,"minecraft:stone_axe":1,"minecraft:air":0,"minecraft:jungle_planks":60,"minecraft:stick":20,"minecraft:iron_ingot":16,"minecraft:wooden_axe":1,"minecraft:stone_sword":1,"minecraft:torch":24,"minecraft:shears":1}},"DataVersion":3465}